iter	Accuracy	MultiClass
0	0.4598632565	1.485772362
1	0.4951886554	1.392307354
2	0.5213978222	1.32530986
3	0.5314003545	1.280056527
4	0.5343124842	1.248765533
5	0.5410230438	1.219792802
6	0.5439351735	1.194663776
7	0.5492529754	1.179981046
8	0.5560901494	1.164528954
9	0.562041023	1.148848153
10	0.56545961	1.129667797
11	0.5667257534	1.119454627
12	0.5695112687	1.108197588
13	0.573816156	1.096549528
14	0.5782476576	1.086006793
15	0.5852114459	1.078244359
16	0.5883768043	1.067965881
17	0.5902760192	1.058280134
18	0.5950873639	1.051695375
19	0.6009116232	1.039478423
20	0.6063560395	1.029678851
21	0.6086350975	1.024260168
22	0.6130665991	1.015934612
23	0.6192707014	1.008601057
24	0.6188908584	1.003003305
25	0.6201570018	0.9971080405
26	0.6240820461	0.991052211
27	0.6329450494	0.9811523574
28	0.6367434794	0.9748026787
29	0.6416814383	0.9692529102
30	0.641934667	0.9641385305
31	0.643454039	0.9558368015
32	0.647252469	0.9469593333
33	0.6496581413	0.9414038673
34	0.6551025576	0.9335734363
35	0.6582679159	0.928428083
36	0.6625728032	0.9218882738
37	0.6656115472	0.9156450584
38	0.6689035199	0.9120441615
39	0.6706761205	0.9074529392
40	0.6724487212	0.901888088
41	0.6748543935	0.8984054449
42	0.6799189668	0.8915972703
43	0.6813117245	0.8874331258
44	0.6840972398	0.8811360484
45	0.6876424411	0.875987184
46	0.6900481134	0.8719460232
47	0.6930868574	0.8667993148
48	0.6942263864	0.862613969
49	0.6971385161	0.85850615
50	0.6991643454	0.8516916372
51	0.7015700177	0.8459425302
52	0.7060015194	0.8376128049
53	0.7084071917	0.833372225
54	0.7097999494	0.8298828447
55	0.7128386933	0.8263821813
56	0.7144846797	0.8209978627
57	0.716510509	0.8169540146
58	0.7190427956	0.8125143767
59	0.7215750823	0.8068312338
60	0.7260065839	0.8007670644
61	0.7258799696	0.7971039786
62	0.7300582426	0.7870438302
63	0.7318308433	0.7828047124
64	0.7356292732	0.7772881597
65	0.7353760446	0.7738266314
66	0.7375284882	0.7694655966
67	0.7400607749	0.7642167383
68	0.7438592049	0.7593448513
69	0.7456318055	0.7551577636
70	0.7476576348	0.7527506299
71	0.7503165358	0.7497435701
72	0.7533552798	0.7421452832
73	0.7571537098	0.7381029089
74	0.7605722968	0.732251739
75	0.7651304128	0.7274984681
76	0.7661433274	0.7249918014
77	0.7674094708	0.7210285574
78	0.7712079007	0.7159886528
79	0.7722208154	0.7119864685
80	0.7794378324	0.7062046401
81	0.7790579894	0.701773723
82	0.7801975184	0.6990935347
83	0.782729805	0.692797379
84	0.783869334	0.689358267
85	0.7889339073	0.6825706118
86	0.788807293	0.6801008933
87	0.7939984806	0.6746721992
88	0.8000759686	0.6668846601
89	0.8021017979	0.6615260584
90	0.8031147126	0.6569449714
91	0.8050139276	0.6537526222
92	0.8067865282	0.6511833633
93	0.8074195999	0.6471627503
94	0.8081792859	0.6443069353
95	0.8107115726	0.6389784801
96	0.8145100025	0.6329127867
97	0.8170422892	0.6284074879
98	0.8179285895	0.6262958265
99	0.8208407192	0.6225205739
100	0.8216004052	0.6205341958
101	0.8216004052	0.615538056
102	0.8247657635	0.6107435173
103	0.8276778931	0.6082333352
104	0.8294504938	0.6044165925
105	0.8319827805	0.6014259601
106	0.8346416814	0.5988979668
107	0.8362876678	0.5962731136
108	0.8386933401	0.5939679694
109	0.8403393264	0.5896290322
110	0.8436312991	0.5851206527
111	0.8450240567	0.5808012959
112	0.8465434287	0.5790020378
113	0.8488224867	0.5754341846
114	0.8492023297	0.5706119839
115	0.8518612307	0.5682608622
116	0.854266903	0.5638609321
117	0.8559128893	0.5621726098
118	0.85768549	0.5586720395
119	0.8594580907	0.5546294631
120	0.860724234	0.5511186885
121	0.8613573056	0.5472819228
122	0.863762978	0.5442808778
123	0.8665484933	0.5412314579
124	0.8655355786	0.5397470191
125	0.8665484933	0.5381042279
126	0.8699670803	0.534952402
127	0.8711066093	0.5309835764
128	0.8723727526	0.5287843523
129	0.8718662953	0.5272622829
130	0.8743985819	0.5251512546
131	0.8760445682	0.521714314
132	0.8778171689	0.5189931897
133	0.8795897696	0.5156969854
134	0.8821220562	0.5136564787
135	0.8822486705	0.5120941605
136	0.8826285135	0.5088132432
137	0.8859204862	0.5054892201
138	0.8865535579	0.5030290664
139	0.8869334009	0.5008969025
140	0.8878197012	0.4979303501
141	0.8890858445	0.494468396
142	0.8912382882	0.4921858909
143	0.8937705748	0.4886510004
144	0.8945302608	0.487517034
145	0.8947834895	0.4860061759
146	0.8957964042	0.4835200172
147	0.8969359331	0.4818418826
148	0.8968093188	0.4795575769
149	0.8969359331	0.4776743452
150	0.8990883768	0.4757128786
151	0.8993416055	0.4745904517
152	0.9009875918	0.4721108769
153	0.9020005065	0.4696424577
154	0.9040263358	0.4660647804
155	0.9055457078	0.4627181654
156	0.9059255508	0.4610539028
157	0.9064320081	0.4570606922
158	0.9073183084	0.4551654279
159	0.9085844518	0.4514982824
160	0.9102304381	0.4489277958
161	0.9122562674	0.4461647708
162	0.9132691821	0.4445656956
163	0.9139022537	0.4429269847
164	0.9151683971	0.4408496674
165	0.9159280831	0.438726829
166	0.9171942264	0.4346488928
167	0.9190934414	0.4326851585
168	0.9195998987	0.4308036529
169	0.920106356	0.4291694393
170	0.920866042	0.427395197
171	0.921625728	0.425081894
172	0.922765257	0.4227199601
173	0.9241580147	0.4197489641
174	0.925804001	0.4178952323
175	0.9275766017	0.4151260541
176	0.928083059	0.4135519443
177	0.928842745	0.4105202283
178	0.928842745	0.4090590449
179	0.9301088883	0.4069893983
180	0.9304887313	0.4054250628
181	0.931881489	0.4024817188
182	0.9327677893	0.4008828887
183	0.9335274753	0.3990031394
184	0.934160547	0.39829224
185	0.933780704	0.3970043375
186	0.934160547	0.3947997213
187	0.9342871613	0.3916948659
188	0.9351734616	0.3897961487
189	0.9359331476	0.3884715308
190	0.9358065333	0.3872816055
191	0.9369460623	0.3855492424
192	0.9377057483	0.3842921325
193	0.9388452773	0.3805428017
194	0.9402380349	0.3786745245
195	0.9404912636	0.3770028605
196	0.9407444923	0.3761578987
197	0.9408711066	0.3753565268
198	0.9422638643	0.3728471437
199	0.9430235503	0.3700931944
200	0.9439098506	0.3676977034
201	0.9445429223	0.3671639026
202	0.9459356799	0.3637664363
203	0.9464421372	0.3619795083
204	0.9472018232	0.3598620536
205	0.9480881236	0.3577027567
206	0.9487211952	0.3549674191
207	0.9501139529	0.3534665139
208	0.9515067106	0.351662346
209	0.9511268676	0.3506567754
210	0.9512534819	0.3497145203
211	0.9513800962	0.34833789
212	0.9527728539	0.3464335381
213	0.9537857685	0.3441274512
214	0.9542922259	0.3416835772
215	0.9560648265	0.339485036
216	0.9560648265	0.338213441
217	0.9570777412	0.337072931
218	0.9577108129	0.3361348444
219	0.9577108129	0.334932179
220	0.9585971132	0.3338053305
221	0.9601164852	0.3319271988
222	0.9599898709	0.3303670465
223	0.9604963282	0.3285687212
224	0.9602430995	0.3268433157
225	0.9613826285	0.32516905
226	0.9625221575	0.3235853311
227	0.9620157002	0.3227305752
228	0.9627753862	0.3213049824
229	0.9629020005	0.3192854934
230	0.9632818435	0.3183949151
231	0.9639149152	0.3150146414
232	0.9646746012	0.3132817531
233	0.9646746012	0.3120813041
234	0.9658141302	0.3105121612
235	0.9659407445	0.3092581733
236	0.9667004305	0.3065838893
237	0.9673335022	0.3056626272
238	0.9682198025	0.3036264045
239	0.9680931881	0.3031407306
240	0.9683464168	0.3015935877
241	0.9696125601	0.2996485925
242	0.9699924031	0.2985864818
243	0.9701190175	0.2971651501
244	0.9707520891	0.2960396316
245	0.9707520891	0.2956992997
246	0.9704988605	0.2943128175
247	0.9711319321	0.292317677
248	0.9722714611	0.2903686765
249	0.9736642188	0.2879683328
250	0.9742972905	0.2867431379
251	0.9744239048	0.2860511891
252	0.9759432768	0.2844898153
253	0.9760698911	0.2818865791
254	0.9767029628	0.2802555773
255	0.9774626488	0.2787352273
256	0.9778424918	0.2775122479
257	0.9778424918	0.2762485413
258	0.9777158774	0.2744777153
259	0.9787287921	0.273148133
260	0.9793618638	0.2723114776
261	0.9799949354	0.2709845127
262	0.9805013928	0.269923005
263	0.9807546214	0.2684840463
264	0.9808812358	0.2670915743
265	0.9818941504	0.2658247225
266	0.9817675361	0.2649366149
267	0.9820207648	0.2637986395
268	0.9820207648	0.2623880579
269	0.9820207648	0.2616611477
270	0.9825272221	0.2606330361
271	0.9827804507	0.2588147959
272	0.9824006077	0.25756096
273	0.9822739934	0.2570740674
274	0.9826538364	0.2562869438
275	0.9829070651	0.2551758279
276	0.9831602937	0.2541252861
277	0.9832869081	0.2521263298
278	0.9841732084	0.2500716446
279	0.9839199797	0.2485332836
280	0.9840465941	0.2478510137
281	0.9840465941	0.2465876326
282	0.9842998227	0.2456832902
283	0.9845530514	0.2451218666
284	0.9850595087	0.2441487264
285	0.9851861231	0.2434786205
286	0.9849328944	0.2421045762
287	0.9849328944	0.2413638399
288	0.9854393517	0.2399874985
289	0.9854393517	0.2392099688
290	0.9858191947	0.238066412
291	0.9861990377	0.2366408655
292	0.9861990377	0.2357165951
293	0.9863256521	0.2350839625
294	0.9867054951	0.2339081091
295	0.9865788807	0.232604452
296	0.9863256521	0.2315409198
297	0.9865788807	0.2301876029
298	0.9865788807	0.2295877857
299	0.9870853381	0.2284779215
300	0.9875917954	0.2271067124
301	0.9873385667	0.2263260361
302	0.9874651811	0.225179802
303	0.9875917954	0.2246260061
304	0.9875917954	0.2236885523
305	0.9877184097	0.2227562063
306	0.9879716384	0.2216290557
307	0.9889845531	0.2201236448
308	0.9883514814	0.218758902
309	0.9887313244	0.2174481922
310	0.9894910104	0.2160074105
311	0.9898708534	0.2148568791
312	0.9902506964	0.2141176965
313	0.9906305394	0.2130323485
314	0.9910103824	0.2127060801
315	0.9907571537	0.2121577364
316	0.9911369967	0.2106801387
317	0.9913902254	0.2097139928
318	0.9915168397	0.2078948022
319	0.991643454	0.2069374631
320	0.992023297	0.2053857384
321	0.9917700684	0.20398492
322	0.9917700684	0.2032485848
323	0.9917700684	0.2020891901
324	0.992023297	0.2011407874
325	0.9921499114	0.2000945972
326	0.9922765257	0.1991395756
327	0.9922765257	0.1981383776
328	0.9925297544	0.1975825721
329	0.992782983	0.1966429656
330	0.992782983	0.1961499255
331	0.992782983	0.1954445499
332	0.9929095974	0.1950357939
333	0.9930362117	0.1945101121
334	0.9932894404	0.193535295
335	0.9937958977	0.1927066333
336	0.993922512	0.1920024686
337	0.9944289694	0.1911304772
338	0.994302355	0.1898413618
339	0.9948088124	0.1889972449
340	0.9949354267	0.18801467
341	0.9949354267	0.1873050169
342	0.9949354267	0.1865122179
343	0.995062041	0.1857700679
344	0.995062041	0.1848283326
345	0.995062041	0.1838977465
346	0.995062041	0.1831816333
347	0.995062041	0.1826997523
348	0.9949354267	0.1818874
349	0.995062041	0.1807933047
350	0.995062041	0.1797866334
351	0.995062041	0.1789597323
352	0.995062041	0.1786750385
353	0.995062041	0.178080524
354	0.9953152697	0.1775263729
355	0.9953152697	0.1766463858
356	0.9953152697	0.1760311967
357	0.9953152697	0.1756132018
358	0.995441884	0.1745406439
359	0.9951886554	0.1738978516
360	0.9956951127	0.1731288628
361	0.9956951127	0.1727056243
362	0.995821727	0.1719440845
363	0.995821727	0.1710726641
364	0.9963281844	0.1705720778
365	0.9964547987	0.169527833
366	0.996581413	0.1685160273
367	0.996581413	0.1678580485
368	0.9967080273	0.1672925393
369	0.9970878703	0.166500257
370	0.9970878703	0.1658787831
371	0.9970878703	0.1655210097
372	0.9970878703	0.16506598
373	0.9970878703	0.1645757224
374	0.997341099	0.1641771928
375	0.997341099	0.1637922189
376	0.9975943277	0.1632482797
377	0.9975943277	0.1626979444
378	0.9974677133	0.1619460282
379	0.9974677133	0.1615541373
380	0.9974677133	0.1611513415
381	0.9975943277	0.1599967212
382	0.997720942	0.159063028
383	0.997720942	0.1583033418
384	0.997720942	0.1580639428
385	0.997720942	0.1575819687
386	0.9978475563	0.1570889891
387	0.9979741707	0.1564672328
388	0.998100785	0.1559888374
389	0.998100785	0.1554241483
390	0.9979741707	0.1548219098
391	0.9979741707	0.1543807374
392	0.9978475563	0.1538952768
393	0.9979741707	0.1536676934
394	0.9979741707	0.1534963853
395	0.9979741707	0.1529480126
396	0.9979741707	0.152056001
397	0.9979741707	0.1517666111
398	0.9979741707	0.1512460757
399	0.9979741707	0.1506317657
400	0.9979741707	0.1502532837
401	0.9979741707	0.1495132456
402	0.998100785	0.1492771789
403	0.998100785	0.1484524714
404	0.998100785	0.148262366
405	0.9982273993	0.1479478128
406	0.9982273993	0.1476927898
407	0.9983540137	0.1469418151
408	0.9982273993	0.1466255393
409	0.998480628	0.1463060927
410	0.9982273993	0.145805841
411	0.9982273993	0.1456264871
412	0.9982273993	0.1448025601
413	0.9983540137	0.144171539
414	0.998480628	0.1438467442
415	0.998480628	0.1434251905
416	0.9986072423	0.1427178115
417	0.9986072423	0.1422950635
418	0.9986072423	0.1417320817
419	0.9987338567	0.1410546186
420	0.9987338567	0.1407307873
421	0.9987338567	0.1404171337
422	0.9987338567	0.1400837732
423	0.9987338567	0.1395645671
424	0.9987338567	0.1392621158
425	0.9987338567	0.1386158587
426	0.9986072423	0.1380693162
427	0.9986072423	0.1375461722
428	0.9987338567	0.1372099349
429	0.9987338567	0.136746267
430	0.9986072423	0.1361399127
431	0.9987338567	0.1355449695
432	0.9987338567	0.1349447252
433	0.9987338567	0.1342803873
434	0.9987338567	0.1337009643
435	0.9987338567	0.1332331839
436	0.9987338567	0.132877824
437	0.9987338567	0.1325452075
438	0.9987338567	0.1320249802
439	0.9987338567	0.1317600551
440	0.9987338567	0.1312985144
441	0.9987338567	0.13085498
442	0.9987338567	0.130434067
443	0.9987338567	0.1299757713
444	0.9987338567	0.1294682403
445	0.9987338567	0.1292115921
446	0.9987338567	0.1289388639
447	0.9987338567	0.1285139408
448	0.998860471	0.1280838948
449	0.9989870853	0.1275993933
450	0.9989870853	0.1270091221
451	0.9989870853	0.1264737671
452	0.9989870853	0.1260380991
453	0.9989870853	0.1256819387
454	0.9989870853	0.1254286709
455	0.9991136997	0.1249684669
456	0.9991136997	0.1245055904
457	0.9991136997	0.1242356115
458	0.9991136997	0.1237934409
459	0.9991136997	0.1235094909
460	0.9991136997	0.1231967246
461	0.9991136997	0.1227246443
462	0.999240314	0.1221886335
463	0.9993669283	0.1218011803
464	0.9994935427	0.1213460432
465	0.9994935427	0.1206873273
466	0.9994935427	0.1203970292
467	0.9993669283	0.1200997583
468	0.999240314	0.1195369921
469	0.999240314	0.1192960034
470	0.999240314	0.1188112015
471	0.999240314	0.1186152038
472	0.999240314	0.1181502594
473	0.999240314	0.1178960908
474	0.999240314	0.1177077369
475	0.999240314	0.1173813393
476	0.999240314	0.1169295269
477	0.999240314	0.1165160681
478	0.999240314	0.1160963897
479	0.999240314	0.1156626563
480	0.999240314	0.1152310697
481	0.999240314	0.1148320228
482	0.9993669283	0.1143972176
483	0.9993669283	0.1142095721
484	0.9993669283	0.1139542009
485	0.9994935427	0.1136519307
486	0.9997467713	0.1132269784
487	0.9997467713	0.1127840175
488	0.9997467713	0.1125307769
489	0.9997467713	0.112345021
490	0.9997467713	0.1119703759
491	0.9994935427	0.1114947838
492	0.999620157	0.1107095373
493	0.9994935427	0.1104198616
494	0.9994935427	0.1101336329
495	0.9997467713	0.1096602041
496	0.999620157	0.1093533346
497	0.999620157	0.1090096836
498	0.9997467713	0.1084471055
499	0.9997467713	0.1081100147
500	0.9997467713	0.1078566905
501	0.9997467713	0.1073729
502	0.9997467713	0.1070596251
503	0.9998733857	0.1068093937
504	0.9997467713	0.1065991936
505	0.9998733857	0.1062514495
506	0.9998733857	0.10581256
507	0.9998733857	0.1054807774
508	0.9998733857	0.1047568939
509	0.9998733857	0.1042463148
510	0.9998733857	0.1039213813
511	0.9998733857	0.1034890628
512	0.9998733857	0.1032880354
513	0.9998733857	0.1028815035
514	1	0.1025258675
515	1	0.1022622102
516	1	0.1019767177
517	1	0.1017468592
518	1	0.1013822782
519	1	0.1011891558
520	1	0.1008924452
521	1	0.1007168103
522	1	0.1005538499
523	1	0.1002778794
524	1	0.09990056004
525	1	0.09961321935
526	1	0.09945117802
527	1	0.09923931168
528	1	0.09896987021
529	1	0.09879394423
530	1	0.09830804671
531	1	0.09811649219
532	1	0.09796750909
533	1	0.09765024114
534	1	0.0972623888
535	1	0.09712928289
536	1	0.09683117717
537	1	0.09664684217
538	1	0.09646647741
539	1	0.09622215958
540	1	0.09603846017
541	1	0.09587139943
542	1	0.0956475535
543	1	0.09509531924
544	1	0.09487697818
545	1	0.09459545794
546	1	0.09432417188
547	1	0.09417815748
548	1	0.09398657675
549	1	0.09380626257
550	1	0.09354982734
551	1	0.09310660359
552	1	0.09293221494
553	1	0.09259792915
554	1	0.09246389052
555	1	0.09235747008
556	1	0.09206421081
557	1	0.09183050412
558	1	0.09149744336
559	1	0.09131108374
560	1	0.09116504743
561	1	0.0910732278
562	1	0.09070112628
563	1	0.09061246577
564	1	0.09023597648
565	1	0.09000245608
566	1	0.08989844237
567	1	0.08959803609
568	1	0.08913332444
569	1	0.08886500569
570	1	0.08853730463
571	1	0.0883248868
572	1	0.08806875524
573	1	0.08784687705
574	1	0.08758508409
575	1	0.08728045585
576	1	0.08708008228
577	1	0.08682264938
578	1	0.08649197558
579	1	0.08642818629
580	1	0.08629639009
581	1	0.08605664127
582	1	0.08566846757
583	1	0.08546188731
584	1	0.08523906164
585	1	0.08512690605
586	1	0.08491765549
587	1	0.0846710654
588	1	0.08437979085
589	1	0.08399544456
590	1	0.0837896353
591	1	0.08359657781
592	1	0.08343741438
593	1	0.08329555754
594	1	0.08301850626
595	1	0.08282241288
596	1	0.08259142918
597	1	0.08249974578
598	1	0.08230690387
599	1	0.08213216524
600	1	0.08173877316
601	1	0.08162403202
602	1	0.08141804262
603	1	0.08126079988
604	1	0.08107738906
605	1	0.08077889016
606	1	0.08060488997
607	1	0.0804044449
608	1	0.08022976855
609	1	0.07995339624
610	1	0.07977726862
611	1	0.07948049951
612	1	0.07917788501
613	1	0.0790699778
614	1	0.07896205918
615	1	0.07878107526
616	1	0.07848762961
617	1	0.07833157591
618	1	0.07827891517
619	1	0.07800046404
620	1	0.07771681082
621	1	0.07746082184
622	1	0.07736986308
623	1	0.07724396776
624	1	0.07703479074
625	1	0.07685336266
626	1	0.07667057903
627	1	0.07626116599
628	1	0.07608977031
629	1	0.07580857134
630	1	0.07571819648
631	1	0.07537301427
632	1	0.07525642502
633	1	0.07516220004
634	1	0.07498004956
635	1	0.07485366803
636	1	0.07460027641
637	1	0.07440930426
638	1	0.07428078321
639	1	0.07416182803
640	1	0.07398128808
641	1	0.07386608293
642	1	0.0736347096
643	1	0.0732673617
644	1	0.07312390946
645	1	0.07303012233
646	1	0.07281056502
647	1	0.07258419358
648	1	0.07237458664
649	1	0.07214365694
650	1	0.07200165956
651	1	0.07179784584
652	1	0.07162257094
653	1	0.07152478126
654	1	0.0712683804
655	1	0.07106424066
656	1	0.07083576371
657	1	0.07070323136
658	1	0.07051106772
659	1	0.0702312261
660	1	0.07004332186
661	1	0.06986106095
662	1	0.06974047702
663	1	0.06956617061
664	1	0.0694179109
665	1	0.06932283866
666	1	0.06916272444
667	1	0.06890021583
668	1	0.06878906892
669	1	0.06858469368
670	1	0.06836949817
671	1	0.06810037606
672	1	0.06787486262
673	1	0.06770231503
674	1	0.06755495567
675	1	0.06732328123
676	1	0.06707644402
677	1	0.06691195525
678	1	0.06686390336
679	1	0.06663908293
680	1	0.06644663574
681	1	0.06618452065
682	1	0.06597328496
683	1	0.06570528201
684	1	0.06557094336
685	1	0.06550530821
686	1	0.06531016518
687	1	0.06507204574
688	1	0.06489914683
689	1	0.06473132216
690	1	0.06458878256
691	1	0.06435312786
692	1	0.06423865088
693	1	0.06402653993
694	1	0.0639023725
695	1	0.06380618296
696	1	0.0635078954
697	1	0.06341758015
698	1	0.06323014801
699	1	0.06311868076
700	1	0.06290573608
701	1	0.06281105461
702	1	0.06261840597
703	1	0.06249383317
704	1	0.06239936767
705	1	0.0623457703
706	1	0.06218818966
707	1	0.06206073243
708	1	0.06193118013
709	1	0.0618322959
710	1	0.06170916149
711	1	0.06157777518
712	1	0.06139792926
713	1	0.06129266258
714	1	0.06121942497
715	1	0.06099154556
716	1	0.06083349249
717	1	0.06069377225
718	1	0.06058944786
719	1	0.06051620325
720	1	0.06039961179
721	1	0.06022847851
722	1	0.06004652701
723	1	0.05993795655
724	1	0.05986456246
725	1	0.05966943987
726	1	0.0595524243
727	1	0.05937730808
728	1	0.05921379378
729	1	0.05908453729
730	1	0.05885956173
731	1	0.05870447112
732	1	0.05855997904
733	1	0.05847150389
734	1	0.05832122987
735	1	0.05817981536
736	1	0.0581520312
737	1	0.05802884729
738	1	0.0578321749
739	1	0.05771128581
740	1	0.05758602601
741	1	0.05743072002
742	1	0.05731517227
743	1	0.05721614477
744	1	0.05709673542
745	1	0.05697457174
746	1	0.05678169189
747	1	0.05660217696
748	1	0.05646472905
749	1	0.05637188055
750	1	0.0562066516
751	1	0.05604228743
752	1	0.0559496408
753	1	0.05584380855
754	1	0.0556703677
755	1	0.05553573742
756	1	0.05546042932
757	1	0.05536504144
758	1	0.05529286227
759	1	0.05512081601
760	1	0.05500212862
761	1	0.054939604
762	1	0.05480792871
763	1	0.05466017444
764	1	0.05451033178
765	1	0.05434899901
766	1	0.0542254022
767	1	0.05411743034
768	1	0.05394883154
769	1	0.0538830196
770	1	0.05374906011
771	1	0.05362218192
772	1	0.05351504917
773	1	0.05335898895
774	1	0.05318895204
775	1	0.05312584793
776	1	0.05301405688
777	1	0.05292779807
778	1	0.05284420471
779	1	0.05277890252
780	1	0.05266289831
781	1	0.05258024057
782	1	0.05248739455
783	1	0.05236788216
784	1	0.05221124304
785	1	0.05202394898
786	1	0.05196083855
787	1	0.05190291845
788	1	0.05181855278
789	1	0.05171871494
790	1	0.05163386011
791	1	0.0514654894
792	1	0.05131630393
793	1	0.05124362709
794	1	0.05115043354
795	1	0.05110175276
796	1	0.05095799208
797	1	0.05080016049
798	1	0.05070566489
799	1	0.05065926522
800	1	0.0506244287
801	1	0.05052825657
802	1	0.05041441657
803	1	0.05025148806
804	1	0.0501753155
805	1	0.05011310499
806	1	0.04999532016
807	1	0.04992958009
808	1	0.04983410497
809	1	0.04973308664
810	1	0.04971599595
811	1	0.04965208306
812	1	0.04953557051
813	1	0.04944649077
814	1	0.04942137334
815	1	0.04923996777
816	1	0.04916446399
817	1	0.04908637393
818	1	0.04891984867
819	1	0.04886316797
820	1	0.04871720164
821	1	0.04859909111
822	1	0.04847985616
823	1	0.04833535251
824	1	0.04823869551
825	1	0.04820290596
826	1	0.04810624332
827	1	0.04801722643
828	1	0.04788550395
829	1	0.04777983894
830	1	0.04767014808
831	1	0.04762978512
832	1	0.04751628838
833	1	0.0474450705
834	1	0.0473206402
835	1	0.0472489914
836	1	0.04708551152
837	1	0.046931834
838	1	0.04689032155
839	1	0.04681031557
840	1	0.04670316581
841	1	0.04662963233
842	1	0.04659467546
843	1	0.04651757227
844	1	0.0464176761
845	1	0.04629783016
846	1	0.04625998916
847	1	0.04621500685
848	1	0.04615010975
849	1	0.04599763334
850	1	0.04593374147
851	1	0.04585257601
852	1	0.04577985972
853	1	0.04561521339
854	1	0.04547480788
855	1	0.04540401639
856	1	0.04535336465
857	1	0.04528963254
858	1	0.04515299278
859	1	0.04501890992
860	1	0.04498267404
861	1	0.04486395101
862	1	0.04473658706
863	1	0.0446868498
864	1	0.04455702006
865	1	0.04442304944
866	1	0.04425916849
867	1	0.04418922092
868	1	0.04408411626
869	1	0.04399301322
870	1	0.04393439721
871	1	0.04382295578
872	1	0.04370789739
873	1	0.04358733916
874	1	0.04348017905
875	1	0.04334778211
876	1	0.04329193141
877	1	0.04322796674
878	1	0.04318316974
879	1	0.04310703009
880	1	0.04299799079
881	1	0.04291782657
882	1	0.04286582198
883	1	0.04279501111
884	1	0.04265918957
885	1	0.04261916246
886	1	0.04252936027
887	1	0.04246687945
888	1	0.04238949281
889	1	0.04234137696
890	1	0.04231992771
891	1	0.04224030513
892	1	0.04214947718
893	1	0.04208302684
894	1	0.04199217382
895	1	0.04197450006
896	1	0.04187625899
897	1	0.04181803468
898	1	0.04174765431
899	1	0.04164674537
900	1	0.04155042799
901	1	0.04145099154
902	1	0.04137786104
903	1	0.04125455567
904	1	0.04115471873
905	1	0.0410918553
906	1	0.04100227491
907	1	0.04095090909
908	1	0.04092434095
909	1	0.04085942691
910	1	0.04078785632
911	1	0.04072574707
912	1	0.04067318489
913	1	0.04060120709
914	1	0.04049007042
915	1	0.04043351682
916	1	0.04036874785
917	1	0.04032562334
918	1	0.04022672091
919	1	0.04013855703
920	1	0.040089038
921	1	0.04003354366
922	1	0.03991698151
923	1	0.0398365313
924	1	0.03978620508
925	1	0.03971935695
926	1	0.03966339619
927	1	0.03955064674
928	1	0.03943760117
929	1	0.03937541814
930	1	0.03929754931
931	1	0.03921481355
932	1	0.03910856478
933	1	0.03903567797
934	1	0.03896288521
935	1	0.03887569387
936	1	0.03880020832
937	1	0.03875593802
938	1	0.03868648588
939	1	0.03862262613
940	1	0.03858178478
941	1	0.0385001715
942	1	0.03845289901
943	1	0.03839758384
944	1	0.03829465516
945	1	0.03822462587
946	1	0.03813556617
947	1	0.03804313851
948	1	0.0380061007
949	1	0.03790535652
950	1	0.03786988989
951	1	0.03782699544
952	1	0.03778798815
953	1	0.03772472057
954	1	0.03770090741
955	1	0.03764225677
956	1	0.03757183815
957	1	0.0375084114
958	1	0.0374437697
959	1	0.03737384226
960	1	0.0372964343
961	1	0.0372599343
962	1	0.03720732671
963	1	0.03713286636
964	1	0.03702728341
965	1	0.03693658795
966	1	0.03686196669
967	1	0.03681472825
968	1	0.03678688205
969	1	0.03669160508
970	1	0.03665060405
971	1	0.03659966143
972	1	0.03652684271
973	1	0.03644199138
974	1	0.03640525285
975	1	0.03634896081
976	1	0.03629368455
977	1	0.03625555538
978	1	0.03615400447
979	1	0.03607488428
980	1	0.03602317399
981	1	0.03594333113
982	1	0.0359280523
983	1	0.03584777958
984	1	0.03579349129
985	1	0.03573459593
986	1	0.03565873862
987	1	0.03563188509
988	1	0.03560699282
989	1	0.03555674755
990	1	0.03552930808
991	1	0.03549715179
992	1	0.0354294048
993	1	0.03536924316
994	1	0.03533165407
995	1	0.03528099298
996	1	0.03522943555
997	1	0.03520465439
998	1	0.03514547107
999	1	0.03508427203
1000	1	0.03502121579
1001	1	0.03498344975
1002	1	0.03487944965
1003	1	0.03484182245
1004	1	0.03482360722
1005	1	0.03477047352
1006	1	0.03472577928
1007	1	0.03467111795
1008	1	0.03458740558
1009	1	0.03452343786
1010	1	0.03449415303
1011	1	0.03444926511
1012	1	0.03439007051
1013	1	0.03432318765
1014	1	0.03426080708
1015	1	0.03418878575
1016	1	0.03412232171
1017	1	0.03403748827
1018	1	0.0339988837
1019	1	0.03394312367
1020	1	0.03387556833
1021	1	0.03378904709
1022	1	0.03371909609
1023	1	0.03368236888
1024	1	0.0336059132
1025	1	0.03353760615
1026	1	0.0334836573
1027	1	0.03344459279
1028	1	0.03340902881
1029	1	0.03334571026
1030	1	0.03329559482
1031	1	0.03325106352
1032	1	0.03322361739
1033	1	0.03314004146
1034	1	0.03309706331
1035	1	0.03306455404
1036	1	0.03300462995
1037	1	0.0329744686
1038	1	0.03294461442
1039	1	0.03289801045
1040	1	0.03281242331
1041	1	0.03275745212
1042	1	0.03273365383
1043	1	0.03266530576
1044	1	0.03263118499
1045	1	0.03256544223
1046	1	0.0325428223
1047	1	0.03250486914
1048	1	0.03247867751
1049	1	0.0323957889
1050	1	0.0323364081
1051	1	0.03226732012
1052	1	0.0322166905
1053	1	0.03218064871
1054	1	0.03213844594
1055	1	0.03209063425
1056	1	0.03204672444
1057	1	0.03201744585
1058	1	0.031976506
1059	1	0.03193891386
1060	1	0.03188225389
1061	1	0.0318131163
1062	1	0.03178423845
1063	1	0.03171753321
1064	1	0.03166269387
1065	1	0.03163341909
1066	1	0.03160030488
1067	1	0.03152459305
1068	1	0.0314967672
1069	1	0.03144585846
1070	1	0.03138918311
1071	1	0.03132528021
1072	1	0.03126971555
1073	1	0.03120561495
1074	1	0.03113136046
1075	1	0.03109553395
1076	1	0.03105454052
1077	1	0.03100628028
1078	1	0.03092997038
1079	1	0.03090358653
1080	1	0.03087777916
1081	1	0.03084605041
1082	1	0.03081807744
1083	1	0.03075800058
1084	1	0.03072413209
1085	1	0.03066351571
1086	1	0.03061903626
1087	1	0.03054388041
1088	1	0.03050944303
1089	1	0.03046412491
1090	1	0.03039863009
1091	1	0.03036535831
1092	1	0.03031109468
1093	1	0.03026528109
1094	1	0.03025345201
1095	1	0.03021384523
1096	1	0.03013387271
1097	1	0.03006374417
1098	1	0.03004676267
1099	1	0.03001474842
1100	1	0.02999408594
1101	1	0.02996322431
1102	1	0.0299344856
1103	1	0.02987948858
1104	1	0.02986061762
1105	1	0.02983865293
1106	1	0.02978758685
1107	1	0.02974815048
1108	1	0.02971485999
1109	1	0.02966944909
1110	1	0.02962251521
1111	1	0.02958758753
1112	1	0.0295102618
1113	1	0.02947305899
1114	1	0.02939808244
1115	1	0.0293315434
1116	1	0.029272762
1117	1	0.0292407534
1118	1	0.02920628566
1119	1	0.02917689594
1120	1	0.02912647725
1121	1	0.0290745535
1122	1	0.02903311001
1123	1	0.02899269869
1124	1	0.02893484315
1125	1	0.02890878492
1126	1	0.02884160082
1127	1	0.02882223514
1128	1	0.02877952549
1129	1	0.02871195337
1130	1	0.02867684707
1131	1	0.02865656504
1132	1	0.028619702
1133	1	0.02858175183
1134	1	0.0285361535
1135	1	0.0284882637
1136	1	0.02844433223
1137	1	0.02842479676
1138	1	0.02841351885
1139	1	0.0283498533
1140	1	0.02830020098
1141	1	0.02826120933
1142	1	0.02821312503
1143	1	0.02816148868
1144	1	0.02808711327
1145	1	0.0280613248
1146	1	0.0280192369
1147	1	0.02798559877
1148	1	0.02796627914
1149	1	0.02793277775
1150	1	0.02787754092
1151	1	0.02783503752
1152	1	0.02776674932
1153	1	0.027722512
1154	1	0.02768198855
1155	1	0.02761340423
1156	1	0.02756703107
1157	1	0.02754445752
1158	1	0.02752865117
1159	1	0.02746871495
1160	1	0.02742499004
1161	1	0.02737437218
1162	1	0.02734494744
1163	1	0.02733007866
1164	1	0.0272685429
1165	1	0.02722507932
1166	1	0.02718956788
1167	1	0.02717049646
1168	1	0.02714108754
1169	1	0.02712088839
1170	1	0.02708670845
1171	1	0.02704213644
1172	1	0.02699929914
1173	1	0.02697079802
1174	1	0.02692230714
1175	1	0.02688563512
1176	1	0.02685248456
1177	1	0.02682402967
1178	1	0.02680003945
1179	1	0.02675725136
1180	1	0.02671952449
1181	1	0.02667247273
1182	1	0.02664130311
1183	1	0.02662098803
1184	1	0.02658901762
1185	1	0.0265513779
1186	1	0.02650685017
1187	1	0.02647198573
1188	1	0.02642547253
1189	1	0.02637983952
1190	1	0.02635075953
1191	1	0.02631273917
1192	1	0.02628518067
1193	1	0.0262491361
1194	1	0.02618177603
1195	1	0.02614297643
1196	1	0.02610408786
1197	1	0.026059124
1198	1	0.02603523599
1199	1	0.02602244773
1200	1	0.02599101977
1201	1	0.02593848948
1202	1	0.02591893014
1203	1	0.02589067965
1204	1	0.02586305861
1205	1	0.02583298649
1206	1	0.02579934003
1207	1	0.02575757546
1208	1	0.02571317915
1209	1	0.02567203757
1210	1	0.0256538736
1211	1	0.02562372352
1212	1	0.02558685647
1213	1	0.02555938001
1214	1	0.02552790772
1215	1	0.02549939525
1216	1	0.02548300971
1217	1	0.02546560211
1218	1	0.02542383083
1219	1	0.02540230215
1220	1	0.02535177434
1221	1	0.025332787
1222	1	0.02527768663
1223	1	0.02523418998
1224	1	0.02520737568
1225	1	0.02516240091
1226	1	0.02513594114
1227	1	0.02511304723
1228	1	0.02507512289
1229	1	0.02504345862
1230	1	0.02500743389
1231	1	0.02498808022
1232	1	0.02495401658
1233	1	0.02490275096
1234	1	0.02485558036
1235	1	0.02483295037
1236	1	0.02479285468
1237	1	0.02475120757
1238	1	0.02471972948
1239	1	0.02469101233
1240	1	0.02467474794
1241	1	0.02463173488
1242	1	0.02461214246
1243	1	0.02457947506
1244	1	0.02454664383
1245	1	0.02453317163
1246	1	0.02450304703
1247	1	0.0244627194
1248	1	0.02443793807
1249	1	0.02442752705
1250	1	0.02439182486
1251	1	0.0243586197
1252	1	0.02431062366
1253	1	0.02428511394
1254	1	0.02425064218
1255	1	0.0242103758
1256	1	0.02419241614
1257	1	0.02412922122
1258	1	0.02409935152
1259	1	0.02408002926
1260	1	0.02405184069
1261	1	0.02402446372
1262	1	0.02400211691
1263	1	0.02398710952
1264	1	0.02395446007
1265	1	0.02392287679
1266	1	0.02386936773
1267	1	0.02384620395
1268	1	0.02382091487
1269	1	0.02378045443
1270	1	0.02374903552
1271	1	0.02371126867
1272	1	0.02370230872
1273	1	0.02367319508
1274	1	0.02362413058
1275	1	0.0236034714
1276	1	0.02358802435
1277	1	0.02355585151
1278	1	0.02354360969
1279	1	0.02352143075
1280	1	0.02350790705
1281	1	0.02348848202
1282	1	0.02345637615
1283	1	0.02342319158
1284	1	0.0234050552
1285	1	0.02337492716
1286	1	0.02335231638
1287	1	0.02331441062
1288	1	0.02328501625
1289	1	0.02325088621
1290	1	0.02322349195
1291	1	0.02319217579
1292	1	0.02316640687
1293	1	0.023133285
1294	1	0.02310797517
1295	1	0.02309036554
1296	1	0.02307144721
1297	1	0.02304425148
1298	1	0.02302411374
1299	1	0.02299559275
1300	1	0.02296112346
1301	1	0.02293672313
1302	1	0.02290923005
1303	1	0.02288607742
1304	1	0.02285714254
1305	1	0.02282200467
1306	1	0.02278522334
1307	1	0.02275190715
1308	1	0.02273314189
1309	1	0.02270612081
1310	1	0.0226598807
1311	1	0.02261957121
1312	1	0.02259194536
1313	1	0.02258357436
1314	1	0.02255589867
1315	1	0.02254033158
1316	1	0.02250734266
1317	1	0.02249114852
1318	1	0.02247211939
1319	1	0.02246102163
1320	1	0.02241615168
1321	1	0.02238563465
1322	1	0.02235371396
1323	1	0.0223367591
1324	1	0.02232536244
1325	1	0.02230024886
1326	1	0.02227830748
1327	1	0.02224369881
1328	1	0.02220285282
1329	1	0.02217620053
1330	1	0.02216017059
1331	1	0.02215399752
1332	1	0.022116874
1333	1	0.02207338541
1334	1	0.02205125733
1335	1	0.0220233241
1336	1	0.02199375434
1337	1	0.02197608755
1338	1	0.02193785059
1339	1	0.02190612595
1340	1	0.02185922952
1341	1	0.02183262972
1342	1	0.02181499238
1343	1	0.02180286499
1344	1	0.02178436812
1345	1	0.02176135378
1346	1	0.02175271969
1347	1	0.02173270306
1348	1	0.02170131089
1349	1	0.02165948564
1350	1	0.02162129627
1351	1	0.02160155627
1352	1	0.02157612205
1353	1	0.02154744126
1354	1	0.02152735867
1355	1	0.02150408109
1356	1	0.02147225788
1357	1	0.02144200654
1358	1	0.0214235873
1359	1	0.02140026905
1360	1	0.02136771466
1361	1	0.02135220801
1362	1	0.02131369028
1363	1	0.0212842487
1364	1	0.02126415136
1365	1	0.02124943646
1366	1	0.0212405705
1367	1	0.02121904608
1368	1	0.02118720416
1369	1	0.02116605198
1370	1	0.02114175515
1371	1	0.02111055555
1372	1	0.02109625853
1373	1	0.02108154837
1374	1	0.0210515374
1375	1	0.0210401231
1376	1	0.02102051201
1377	1	0.02100152119
1378	1	0.02098380244
1379	1	0.02095278248
1380	1	0.02091079694
1381	1	0.0208890801
1382	1	0.02087066318
1383	1	0.02085201692
1384	1	0.02084247903
1385	1	0.02080820428
1386	1	0.02078892404
1387	1	0.02075457763
1388	1	0.02071903213
1389	1	0.02070793222
1390	1	0.02068858713
1391	1	0.02067502729
1392	1	0.02065602579
1393	1	0.02062591181
1394	1	0.02060563613
1395	1	0.02057732302
1396	1	0.02054420627
1397	1	0.02051031175
1398	1	0.02050152306
1399	1	0.02048497976
1400	1	0.02047364901
1401	1	0.02045470571
1402	1	0.02043123877
1403	1	0.02040549429
1404	1	0.0203821866
1405	1	0.02037184498
1406	1	0.02036131429
1407	1	0.02032865091
1408	1	0.02031369726
1409	1	0.02027857388
1410	1	0.02025704804
1411	1	0.02024487147
1412	1	0.02022157133
1413	1	0.02020886847
1414	1	0.02019136966
1415	1	0.02017048761
1416	1	0.02015854482
1417	1	0.0201434142
1418	1	0.02010656965
1419	1	0.02008542593
1420	1	0.020060092
1421	1	0.02004741155
1422	1	0.02002561801
1423	1	0.02000388134
1424	1	0.01998256704
1425	1	0.01995885371
1426	1	0.01993417509
1427	1	0.01989715255
1428	1	0.01987885961
1429	1	0.01986715422
1430	1	0.01984365535
1431	1	0.01982911468
1432	1	0.01980149297
1433	1	0.01977314027
1434	1	0.01976489884
1435	1	0.01975510727
1436	1	0.01973144838
1437	1	0.01972312766
1438	1	0.01969841988
1439	1	0.01967058163
1440	1	0.01964377113
1441	1	0.0196202911
1442	1	0.01960319273
1443	1	0.01958604351
1444	1	0.01957780919
1445	1	0.01955758421
1446	1	0.01954702021
1447	1	0.01951805555
1448	1	0.01950179681
1449	1	0.01949132869
1450	1	0.01948046038
1451	1	0.01945005006
1452	1	0.01943566273
1453	1	0.01941184282
1454	1	0.01938297959
1455	1	0.01935756416
1456	1	0.01932598433
1457	1	0.01930620644
1458	1	0.01926531421
1459	1	0.01925125733
1460	1	0.01922941378
1461	1	0.01921016733
1462	1	0.0191970588
1463	1	0.01919085262
1464	1	0.0191832384
1465	1	0.01915318761
1466	1	0.01911366131
1467	1	0.01908650232
1468	1	0.01906770535
1469	1	0.01903123731
1470	1	0.01899421336
1471	1	0.01897558157
1472	1	0.01894445897
1473	1	0.0189271385
1474	1	0.01891110597
1475	1	0.01889723911
1476	1	0.01888062012
1477	1	0.01884454093
1478	1	0.01882935773
1479	1	0.01880547804
1480	1	0.01879155776
1481	1	0.01877590729
1482	1	0.01873859335
1483	1	0.01871191855
1484	1	0.01869463769
1485	1	0.0186871105
1486	1	0.01868160181
1487	1	0.01866578039
1488	1	0.01864412186
1489	1	0.01863135294
1490	1	0.01861468936
1491	1	0.018596634
1492	1	0.01857353671
1493	1	0.01856369109
1494	1	0.01855326722
1495	1	0.01853709021
1496	1	0.01852130943
1497	1	0.01850375001
1498	1	0.01847696383
1499	1	0.01845233929
1500	1	0.01843287755
1501	1	0.01842640635
1502	1	0.01842112573
1503	1	0.01839974347
1504	1	0.01836887506
1505	1	0.01835487897
1506	1	0.01832764081
1507	1	0.01830599196
1508	1	0.01829273126
1509	1	0.0182749779
1510	1	0.01824042205
1511	1	0.01823271161
1512	1	0.01821392429
1513	1	0.01820424737
1514	1	0.01818523639
1515	1	0.01816301607
1516	1	0.0181385054
1517	1	0.0181224897
1518	1	0.01810074244
1519	1	0.01808475465
1520	1	0.01807218398
1521	1	0.01805241518
1522	1	0.01803542325
1523	1	0.01800392429
1524	1	0.01799807532
1525	1	0.0179683377
1526	1	0.01795274977
1527	1	0.01793351642
1528	1	0.01792036463
1529	1	0.01790301496
1530	1	0.01788010794
1531	1	0.01786466041
1532	1	0.01783975789
1533	1	0.01782374198
1534	1	0.01779705761
1535	1	0.01777952905
1536	1	0.01776704206
1537	1	0.01773523499
1538	1	0.01772517171
1539	1	0.01769292415
1540	1	0.0176896821
1541	1	0.01767806839
1542	1	0.01765461948
1543	1	0.01762982716
1544	1	0.01762143238
1545	1	0.01760489114
1546	1	0.01758604814
1547	1	0.01756372409
1548	1	0.01755086084
1549	1	0.01753337948
1550	1	0.0175030916
1551	1	0.01748423579
1552	1	0.01747656381
1553	1	0.01744284267
1554	1	0.01743424267
1555	1	0.0174035185
1556	1	0.01738354754
1557	1	0.0173639782
1558	1	0.01734120656
1559	1	0.0173267634
1560	1	0.01730589606
1561	1	0.01728669946
1562	1	0.01726681687
1563	1	0.01725484843
1564	1	0.01723892
1565	1	0.01722305491
1566	1	0.01720184376
1567	1	0.01719013501
1568	1	0.01718058282
1569	1	0.01716099645
1570	1	0.01715082859
1571	1	0.0171224467
1572	1	0.01711450932
1573	1	0.01709935605
1574	1	0.01708846003
1575	1	0.01706412322
1576	1	0.0170513513
1577	1	0.01701873209
1578	1	0.01699464062
1579	1	0.01698176501
1580	1	0.01697708042
