,data_id,dataname,tasktype,num_raw_data,num_raw_features,datasize,num_prep_data,num_prep_features,feature_sample_ratio,num_prep_cells,num_category_20,num_numeric_20,cat_ratio,sum_cardinalities_20,num_category_50,sum_cardinalities_50,nan_ratio,nan_features,nan_sample_ratio,y_imbalance_train,y_imbalance_val,y_imbalance_test,y_imbalance_full,num_classes,freq_stand,highfreq_stand,highfreq_ratio_stand,freq_quan,highfreq_quan,highfreq_ratio_quan,entropy_all_raw,entropy_all_ratio,entropy_indv_min,entropy_indv_max,entropy_indv_avg,entropy_cond_min,entropy_cond_max,entropy_cond_avg,cor_train,cor_val,cor_test,cor_full,avg_cardinality
0,25,CL,binclass,368,26,Small,61,23,0.37704918,1403,18,5,0.782608696,75,23.0,209.0,0.201,3,0.834,0.871,0.918,0.985,0.913,,6.918525521,6.590521724,0.952590506,6.82479698,6.21257009,0.910293758,5.501629167,0.985078981,0.820185819,4.306127543,2.237031303,1.195501625,2.777030854,1.79289437,0.060863748,0.091533556,0.132812498,0.052960404,4.166666666666667
1,461,ACS,binclass,100,6,Small,100,6,0.06,600,3,3,0.5,10,4.0,38.0,0.0,0,0.0,0.881,0.722,0.469,0.841,,9.920553612,8.376430434,0.844351108,11.37702631,7.553981597,0.663968017,6.128055907,0.969333377,0.782765327,0.974742759,0.869827298,2.890030552,3.527765776,3.238552168,0.110111954,0.134307658,0.150415992,0.114206817,3.3333333333333335
2,210,TR,regression,108,5,Small,108,5,0.046296296,540,2,3,0.4,6,,,0.0,0,0.0,1.855,0.95,1.768,1.926,,12.98534763,12.17459232,0.937563835,13.27767965,11.62173219,0.87528337,6.426264755,1.0,0.93692392,6.208184667,3.391681533,0.218080087,3.313870862,1.299447894,0.299832591,0.264567531,0.356972212,0.299716143,3.0
3,551,AM,multiclass,108,3,Small,108,3,0.027777778,324,2,1,0.666666667,16,3.0,55.0,0.0,0,0.0,0.953,1.0,0.971,0.952,26.0,0.378491182,0.370895479,0.979931625,0.37605481,0.362796165,0.964742785,5.012044883,0.779931278,2.506022442,2.506022442,2.506022442,0.0,0.0,0.0,,,,0.0,8.0
4,466,SZ,binclass,340,14,Small,112,14,0.125,1568,2,12,0.142857143,5,,,0.175,0,0.671,0.993,0.994,0.98,0.996,,5.357068238,5.022640455,0.937572611,5.796230067,5.04613136,0.870588521,6.475733431,1.0,0.89130053,3.910243066,1.172730639,0.278144803,3.514897161,3.146003046,0.058082753,0.057007041,0.068213137,0.059131885,2.5
5,444,BX,binclass,132,3,Small,132,3,0.022727273,396,3,0,1.0,25,,,0.0,0,0.0,0.985,0.996,0.863,0.996,,,,,,,,,,,,,,,,,,,0.0,8.333333333333334
6,171,PM,multiclass,339,17,Small,132,17,0.128787879,2244,17,0,1.0,37,,,0.039,0,0.611,0.882,0.856,0.931,0.865,18.0,,,,,,,,,,,,,,,,,,0.0,2.176470588235294
7,497,VT,regression,137,7,Small,137,7,0.051094891,959,5,2,0.714285714,22,7.0,90.0,0.0,0,0.0,3.152,1.314,1.66,3.092,,9.320262776,9.262587997,0.993811893,10.91642869,10.91304635,0.999690161,6.529652215,0.964756854,2.471866876,3.889909553,3.180888215,1.585918462,2.639742661,2.112830562,0.013997082,0.309797313,0.047215901,0.04054537,4.4
8,7,AU,multiclass,226,69,Small,146,68,0.465753425,9928,68,0,1.0,144,,,0.02,1,0.353982301,0.79,0.878,0.935,0.771,22.0,,,,,,,,,,,,,,,,,,0.0,2.1176470588235294
9,10,LY,multiclass,148,18,Small,148,18,0.121621622,2664,18,0,1.0,59,,,0.0,0,0.0,0.619,0.803,0.567,0.614,4.0,,,,,,,,,,,,,,,,,,0.0,3.2777777777777777
10,1099,ES,regression,150,4,Small,150,4,0.026666667,600,1,3,0.25,16,4.0,93.0,0.0,0,0.0,-0.014,-0.55,0.177,-0.041,,9.201896158,8.860435449,0.962892354,10.8384403,10.3713827,0.956907305,6.723557262,0.973456459,0.91496041,0.953066245,0.932225154,3.557539728,3.684124569,3.626772334,0.088010904,0.174091041,0.138625517,0.074787864,16.0
11,48,TAE,multiclass,151,5,Small,151,5,0.033112583,755,2,3,0.4,4,5.0,101.0,0.0,0,0.0,0.998,0.902,0.976,1.0,3.0,3.782616224,3.445025605,0.910752083,5.017072952,4.151606305,0.827495702,6.0941757,0.882332739,0.930674762,4.327695552,2.070344396,1.766480148,3.00254106,2.566173114,0.054401811,0.066308601,0.120263356,0.057009913,2.0
12,338,GG,multiclass,155,8,Small,155,8,0.051612903,1240,7,1,0.875,40,8.0,61.0,0.0,0,0.0,0.955,0.954,0.94,0.962,4.0,5.512565998,5.28564291,0.958835307,5.236957448,4.725471779,0.902331521,3.243417304,0.466397145,0.976365897,0.976365897,0.976365897,0.0,0.0,0.0,,,,0.0,5.714285714285714
13,40916,HR,regression,158,10,Small,158,10,0.063291139,1580,1,9,0.1,10,,,0.0,0,0.0,0.082,0.27,0.238,0.097,,9.132270992,8.190215032,0.896843188,11.21850446,8.595491884,0.766188748,6.977279923,1.0,0.865142229,2.100370545,1.067236489,0.0,4.103339648,3.431997047,0.045020429,0.055322303,0.050086404,0.044941353,10.0
14,23381,DS,binclass,500,12,Small,173,11,0.063583815,1903,11,0,1.0,117,,,0.139,1,0.654,0.945,0.874,0.764,0.926,,,,,,,,,,,,,,,,,,,0.0,10.636363636363637
15,4153,RH,multiclass,180,66,Small,180,66,0.366666667,11880,0,66,0.0,0,,,0.0,0,0.0,0.999,0.885,0.919,1.0,6.0,1.04713488,0.94135452,0.898981151,1.092788566,0.977632713,0.894622019,7.169925001,1.0,0.711995696,0.944276727,0.809019134,4.033105612,4.804726495,4.482421612,0.01067048,0.011190517,0.011885311,0.010694729,0.0
16,505,TF,regression,240,124,Small,240,124,0.516666667,29760,0,124,0.0,0,,,0.0,0,0.0,0.965,0.995,1.084,0.997,,5.330624206,5.27847731,0.990217488,5.956055182,5.728919791,0.961864794,7.470379167,0.984893355,0.818155413,0.962397093,0.923581904,4.273365224,4.752525715,4.402306491,0.00701327,0.007081427,0.006932205,0.00699617,0.0
17,560,FAT,regression,252,14,Small,252,14,0.055555556,3528,0,14,0.0,0,2.0,92.0,0.0,0,0.0,0.17,-0.16,0.208,0.145,,4.988833941,4.747774833,0.95168027,5.942789903,5.114004647,0.860539365,7.651051691,1.0,0.864600828,0.982010974,0.90931375,4.388881847,4.778909909,4.630376799,0.044760806,0.044107346,0.043025931,0.043280315,0.0
18,566,ME,regression,528,21,Small,264,21,0.079545455,5544,20,1,0.952380952,192,21.0,216.0,0.045,0,0.5,9.747,2.879,1.475,10.816,,4.568157106,4.556281728,0.997400401,4.592935263,4.591701974,0.999731481,4.574726435,0.592496784,1.322392502,1.322392502,1.322392502,0.0,0.0,0.0,,,,0.0,9.6
19,51,HH,binclass,958,13,Small,261,10,0.038314176,2610,6,4,0.6,23,8.0,90.0,0.205,3,0.112,0.951,0.983,0.951,0.955,,2.144918397,1.771791426,0.826041414,2.82438328,1.824864182,0.646110673,7.690824334,0.99875132,0.931597417,3.543079496,2.224718212,0.745474279,4.5961247,3.504821029,0.068587846,0.07693416,0.105471421,0.071544576,3.8333333333333335
20,524,PBC,regression,418,19,Small,276,19,0.06884058,5244,7,12,0.368421053,17,8.0,58.0,0.13,0,0.34,0.201,0.678,0.361,0.263,,5.298356327,4.612105394,0.870478524,6.269643246,5.23201232,0.834499208,7.781359714,1.0,0.701033312,7.772268804,3.837086293,0.009090909,5.452577458,2.68562949,0.019302123,0.023946125,0.021790307,0.019025841,2.4285714285714284
21,452,BW,multiclass,285,7,Small,267,7,0.026217228,1869,5,2,0.714285714,34,,,0.014,0,0.063,0.877,0.919,0.93,0.895,7.0,0.712326917,0.641186366,0.900129352,0.928358922,0.76128025,0.820027935,6.390885207,0.826260522,0.997400582,4.022587243,2.509993913,0.01523527,3.07759219,1.54641373,0.025445832,0.148720312,0.093583772,0.028049437,6.8
22,53,HT,binclass,270,13,Small,270,13,0.048148148,3510,8,5,0.615384615,23,11.0,150.0,0.0,0,0.0,0.98,0.999,0.951,0.991,,2.208679979,1.727322379,0.782060958,3.208246016,1.984180043,0.61846256,7.754887502,1.0,0.806641564,4.614099118,2.161253207,0.864205049,5.075282227,3.628979702,0.056301205,0.052269774,0.055753174,0.051523015,2.875
23,337,STF,binclass,349,44,Small,349,44,0.126074499,15356,0,44,0.0,0,35.0,1390.0,0.0,0,0.0,0.991682062,0.998462856,0.999337504,0.993696072,,4.453659655,3.594271106,0.807037669,5.429105478,3.431019974,0.631967824,7.734318848,0.952019123,0.858235377,0.955061307,0.914803559,4.561673858,4.883322637,4.695407205,0.00720292,0.00818062,0.009252562,0.007361282,0.0
24,49,HC,binclass,303,13,Small,296,13,0.043918919,3848,8,5,0.615384615,23,11.0,153.0,0.002,0,0.023,0.995,0.987,0.948,0.995,,2.496424162,1.887107944,0.755924403,3.2130721,1.658018183,0.516022713,7.882643049,1.0,0.832428657,4.694184412,2.165702975,0.961580309,5.117374905,3.783159954,0.047562824,0.061381845,0.075153429,0.049987627,2.875
25,194,CD,regression,303,13,Small,297,13,0.043771044,3861,8,5,0.615384615,23,11.0,154.0,0.002,0,0.02,0.994,1.153,1.289,1.041,,4.357815014,4.069915142,0.933934811,5.720705116,5.096344757,0.890859545,7.888743249,1.0,0.865596527,4.799859234,2.198605846,1.022965097,5.013293828,3.721724826,0.048208831,0.054958469,0.083539907,0.050331298,2.875
26,474,AMK,multiclass,364,32,Small,311,32,0.102893891,9952,32,0,1.0,158,,,0.008,0,0.146,0.605,0.824,0.621,0.615,6.0,,,,,,,,,,,,,,,,,,0.0,4.9375
27,511,PR,regression,315,13,Small,315,13,0.041269841,4095,3,10,0.230769231,8,,,0.0,0,0.0,1.154,2.115,0.395,1.308,,3.791954498,3.772949751,0.99498814,3.861169439,3.850048575,0.99711982,7.977279923,1.0,0.664874514,7.616091233,2.283851022,0.007936508,5.768614596,3.777718267,0.029270661,0.032856305,0.037371319,0.029412928,2.6666666666666665
28,509,AH,regression,329,8,Small,329,8,0.024316109,2632,0,8,0.0,0,,,0.0,0,0.0,0.7,0.372,0.177,0.64,,4.120857936,4.03778993,0.97984206,3.692235117,3.587519951,0.971639085,8.038918989,1.0,0.837587849,0.92400433,0.892124112,4.969443046,5.256512381,5.075346838,0.04832074,0.053753124,0.049227808,0.047741332,0.0
29,456,ABD,regression,365,3,Small,335,3,0.008955224,1005,2,1,0.666666667,18,3.0,49.0,0.027,0,0.082,-0.398,-0.236,-0.353,-0.39,,2.312011723,2.299964577,0.994789323,2.281171655,2.280116671,0.999537525,4.934526281,0.611761929,1.426397982,1.426397982,1.426397982,0.0,0.0,0.0,,,,0.0,9.0
30,8,LV,regression,345,5,Small,345,5,0.014492754,1725,0,5,0.0,0,2.0,73.0,0.0,0,0.0,1.371,2.098,1.021,1.537,,3.648096351,3.414440342,0.935951251,4.381522105,3.937169247,0.898584819,8.026079212,0.989832275,0.7642897,0.947011896,0.893804353,4.880173787,5.487163784,5.056925422,0.076732574,0.092729268,0.079462114,0.077558036,0.0
31,59,IO,binclass,351,34,Small,351,34,0.096866097,11934,2,32,0.058823529,3,,,0.0,0,0.0,0.93555943,0.91455839,0.942563341,0.939453071,,2.810054923,1.990652418,0.708403384,4.01692583,2.657049474,0.661463414,8.12214016,0.999121342,0.846829393,inf,inf,0.969430759,5.309033809,4.876569865,0.009631832,0.011244383,0.010741554,0.009406849,1.5
32,1549,AUS,multiclass,750,40,Small,750,40,0.053333333,30000,3,37,0.075,7,8.0,204.0,0.0,0,0.0,0.875092787,0.904381458,0.904381458,0.881290899,8.0,0.206609674,0.162601496,0.786998466,0.291039303,0.177715351,0.610623202,9.22881869,1.0,0.864764772,6.885750614,1.205287058,2.343068076,6.3561323,5.938845318,0.001190299,0.003193502,0.003176419,0.001070744,2.3333333333333335
33,1063,KD,binclass,522,21,Small,522,21,0.040229885,10962,1,20,0.047619048,8,9.0,266.0,0.0,0,0.0,0.908702093,0.986944498,0.891810754,0.918295834,,0.504955818,0.443962222,0.879210034,0.573267512,0.417604092,0.728462862,6.970749256,0.800876204,0.354418628,1.37061099,0.647421813,2.858916288,5.793396059,4.842122456,0.041733267,0.042079702,0.042138858,0.041437542,8.0
34,42360,DEE,regression,365,6,Small,365,6,0.016438356,2190,0,6,0.0,0,,,0.0,0,0.0,0.96059443,0.960466981,0.957058329,0.960695513,,4.843702251,3.805190345,0.785595429,7.336087182,4.945124182,0.674081981,8.148728668,0.994982079,0.899605477,0.972840651,0.947245255,4.917021978,5.160303961,5.002048044,0.081603307,0.075685778,0.087081791,0.080330453,0.0
35,455,CAR,multiclass,406,7,Small,392,7,0.017857143,2744,2,5,0.285714286,18,,,0.005,0,0.034,0.991682062,0.998462856,0.999337504,0.993696072,3.0,1.153010948,0.871177677,0.755567567,1.785611977,1.091573092,0.611315956,8.117494885,0.979188954,0.913095246,2.431888768,1.242156618,2.470824032,5.084258136,4.47751767,0.166632676,0.170717847,0.15531372,0.165732446,9.0
36,475,AG,multiclass,400,5,Small,400,5,0.0125,2000,4,1,0.8,14,,,0.0,0,0.0,0.908702093,0.986944498,0.891810754,0.918295834,4.0,6.289675467,5.919450369,0.941137647,6.60187038,6.081353501,0.92115615,4.554868339,0.547333297,1.961675019,1.961675019,1.961675019,0.0,0.0,0.0,,,,0.0,3.5
37,5,AE,multiclass,452,279,Small,420,278,0.661904762,116760,142,136,0.510791367,761,202.0,2416.0,0.003,1,0.071,0.629,0.794,0.63,0.638,12.0,0.134256437,0.12417943,0.924942097,0.145023875,0.126320408,0.871031803,8.392317423,1.0,0.16185426,inf,inf,0.256740067,7.800611349,4.087309202,0.001659084,0.002149836,0.001975689,0.00164241,5.359154929577465
38,40496,LED,multiclass,500,7,Small,500,7,0.014,3500,7,0,1.0,14,,,0.0,0,0.0,0.339814667,0.355362634,0.323682616,0.339790425,10.0,,,,,,,,,,,,,,,,,,0.0,2.0
39,531,HB,regression,506,13,Small,506,13,0.0256917,6578,2,11,0.153846154,11,4.0,83.0,0.0,0,0.0,0.908702093,0.986944498,0.891810754,0.918295834,,2.687612013,2.286428588,0.850728668,4.322564727,3.327044318,0.769692192,8.638409503,0.997712925,0.483874534,5.949545077,1.30596322,2.688864425,7.031013095,5.575079441,0.044833946,0.046371218,0.046162973,0.044647961,5.5
40,1467,CMC,binclass,540,20,Small,540,20,0.037037037,10800,1,19,0.05,3,,,0.0,0,0.0,0.908702093,0.986944498,0.891810754,0.918295834,,4.306801521,2.248398365,0.522057577,8.272523479,2.713269345,0.327985693,8.754887502,1.0,0.99584317,4.685488125,1.191736308,1.328564526,5.446768096,5.22436895,0.004483797,0.008082102,0.008040603,0.004284297,3.0
41,703,CF,regression,526,5,Small,526,5,0.009505703,2630,4,1,0.8,27,,,0.0,0,0.0,0.908702093,0.986944498,0.891810754,0.918295834,,1.538090337,1.536776296,0.999145667,1.658986422,1.658702812,0.999829046,3.301808461,0.378897801,0.993943387,0.993943387,0.993943387,0.0,0.0,0.0,,,,0.0,6.75
42,313,STM,multiclass,531,101,Small,531,101,0.190207156,53631,1,100,0.00990099,4,,,0.0,0,0.0,0.93555943,0.91455839,0.942563341,0.939453071,48.0,0.02771039,0.026631865,0.961078669,0.028645333,0.026942591,0.940557784,8.727920455,1.0,0.71050077,4.342733812,0.89840933,0.04245283,6.367687986,5.800877078,0.005951945,0.006024803,0.006645811,0.006014225,4.0
43,534,CW,regression,534,10,Small,534,10,0.018726592,5340,8,2,0.8,37,9.0,84.0,0.0,0,0.0,0.908702093,0.986944498,0.891810754,0.918295834,,2.581581671,2.499857487,0.968343367,2.555053828,2.490994018,0.974928196,7.370438917,0.84348376,1.316803871,5.362755915,3.339779893,1.988052025,2.007683003,1.997867514,0.692032409,0.688329514,0.692786709,0.691891268,4.625
44,1510,WCB,binclass,569,30,Small,569,30,0.052724077,17070,0,30,0.0,0,,,0.0,0,0.0,0.908702093,0.986944498,0.891810754,0.918295834,,1.01231088,0.804677995,0.794892173,1.483859621,0.748045542,0.504121503,8.829722735,1.0,0.776874361,0.96977776,0.882808508,5.608190749,6.249001969,5.897096349,0.016127863,0.01722201,0.01593512,0.016095144,0.0
45,44968,SM,regression,557,4,Small,557,4,0.007181329,2228,0,4,0.0,0,3.0,103.0,0.0,0,0.0,0.426708801,0.426333383,0.471158684,0.426555128,,3.776656403,2.48215731,0.657236732,7.484625264,4.601035111,0.614731526,7.834693148,0.890542689,0.979568846,0.997465626,0.991324497,4.52118406,4.580635877,4.54158445,0.193961517,0.185274184,0.190634197,0.192452137,0.0
46,42,SB,multiclass,683,35,Small,562,35,0.06227758,19670,35,0,1.0,97,,,0.098,0,0.177,0.93555943,0.91455839,0.942563341,0.939453071,15.0,,,,,,,,,,,,,,,,,,0.0,2.7714285714285714
47,188,EU,multiclass,736,19,Small,641,19,0.029641186,12179,9,10,0.473684211,64,16.0,280.0,0.032,0,0.129,0.93555943,0.91455839,0.942563341,0.939453071,5.0,0.444226477,0.32204025,0.724946094,0.696889066,0.378777814,0.5435267,8.99609375,0.999565972,0.775671554,3.354709645,1.881867419,0.324295117,6.419368621,4.340549067,0.026243679,0.031599763,0.032984405,0.026249468,7.111111111111111
48,334,MO,binclass,601,6,Small,601,6,0.009983361,3606,6,0,1.0,17,,,0.0,0,0.0,0.991682062,0.998462856,0.999337504,0.993696072,,,,,,,,,,,,,,,,,,,0.0,2.8333333333333335
49,549,SV,regression,625,6,Small,625,6,0.0096,3750,2,4,0.333333333,26,3.0,61.0,0.0,0,0.0,0.908702093,0.986944498,0.891810754,0.918295834,,2.057957374,2.023775159,0.983390222,1.930274034,1.898394476,0.983484439,8.909784285,0.993754032,0.901093172,1.227609165,0.990929743,3.790746138,5.91641756,5.357734739,0.070345619,0.043969202,0.08481315,0.067763689,13.0
50,11,BS,multiclass,625,4,Small,625,4,0.0064,2500,4,0,1.0,20,,,0.0,0,0.0,0.84,0.774,0.8,0.832,3.0,,,,,,,,,,,,,,,,,,0.0,5.0
51,29,CV,binclass,690,15,Small,653,15,0.022970904,9795,9,6,0.6,40,10.0,63.0,0.006,0,0.054,0.992,0.998,0.999,0.994,,2.521878653,1.124764325,0.446002556,3.845093264,1.581778784,0.411375921,9.016411744,0.998726809,0.800051678,8.041393564,2.703408237,0.97501818,6.469383934,4.53618818,0.0346704,0.058741754,0.051037867,0.037418173,4.444444444444445
52,40981,AT,binclass,690,14,Small,690,14,0.020289855,9660,8,6,0.571428571,36,9.0,59.0,0.0,0,0.0,0.96059443,0.960466981,0.957058329,0.960695513,,1.257226469,0.785743506,0.624981676,2.083338948,0.900446374,0.432213095,9.104901268,0.99960222,0.889806341,8.059000387,2.460303094,1.045900881,6.538735171,4.494341585,0.042454125,0.041535558,0.040331411,0.04065076,4.5
53,470,PB,binclass,672,9,Small,672,7,0.010416667,4704,2,5,0.285714286,20,7.0,192.0,0.198,2,0.0,0.908702093,0.986944498,0.891810754,0.918295834,,0.890668127,0.569174194,0.639041835,1.648885616,0.862050851,0.522808157,9.053880699,0.998357267,0.956542714,0.994606712,0.972543752,5.749868718,5.876314583,5.823160286,0.021172886,0.046501246,0.035088072,0.022268367,10.0
54,43611,WC,regression,699,10,Small,683,10,0.014641288,6830,9,1,0.9,89,,,0.002,0,0.023,0.96059443,0.960466981,0.957058329,0.960695513,,2.738849777,2.719565922,0.992959141,2.403695097,2.374953103,0.988042579,2.843877847,0.312762983,0.856092536,0.856092536,0.856092536,0.0,0.0,0.0,,,,0.0,9.88888888888889
55,54,VE,multiclass,846,18,Small,846,18,0.021276596,15228,1,17,0.055555556,13,11.0,341.0,0.0,0,0.0,0.93555943,0.91455839,0.942563341,0.939453071,4.0,0.431666826,0.307494813,0.712342933,0.601964723,0.334045211,0.554924895,9.400879436,1.0,0.91093109,1.546960811,0.978457876,3.676444209,6.374831855,6.116069044,0.031531731,0.033523124,0.03211428,0.031622074,13.0
56,45102,DB,regression,731,12,Small,731,12,0.016415869,8772,7,5,0.583333333,32,8.0,63.0,0.0,0,0.0,0.426708801,0.426333383,0.471158684,0.426555128,,1.751642962,1.742559426,0.994814276,1.991774148,1.988783136,0.998498318,9.189824559,1.0,0.992664536,9.105047547,5.182877631,0.084777012,5.892264348,1.422829438,0.075972162,0.080896315,0.074955504,0.075591751,4.571428571428571
57,1464,BT,binclass,748,4,Small,748,4,0.005347594,2992,0,4,0.0,0,3.0,97.0,0.0,0,0.0,0.908702093,0.986944498,0.891810754,0.918295834,,0.687908601,0.541342608,0.786939728,0.945948862,0.599098734,0.633330995,7.233116451,0.784162526,0.770838133,0.960211898,0.866162227,4.043361571,4.672447602,4.355787815,0.162320243,0.168941925,0.15386079,0.16145242,0.0
58,458,ATH,multiclass,841,70,Small,841,70,0.083234245,58870,29,41,0.414285714,398,61.0,1369.0,0.0,0,0.0,0.991682062,0.998462856,0.999337504,0.993696072,4.0,0.41506224,0.275944011,0.664825621,0.682404985,0.341683277,0.500704544,9.392317423,1.0,0.814324981,1.852749251,1.033603901,2.750280836,6.499549457,5.80862959,0.005566315,0.006238065,0.006236096,0.005594555,13.724137931034482
59,37,PD,binclass,768,8,Small,768,8,0.010416667,6144,1,7,0.125,17,2.0,64.0,0.0,0,0.0,0.93555943,0.91455839,0.942563341,0.939453071,,0.79116174,0.529534829,0.669312989,1.36135601,0.773820138,0.568418644,9.262094845,1.0,0.708804119,1.632883624,0.972541805,2.587743708,6.90749853,5.852805307,0.033331053,0.038274931,0.031515784,0.032854606,17.0
60,43962,EE,regression,768,8,Small,768,8,0.010416667,6144,8,0,1.0,51,,,0.0,0,0.0,0.96059443,0.960466981,0.957058329,0.960695513,,,,,,,,,,,,,,,,,,,0.0,6.375
61,469,DM,multiclass,797,4,Small,797,4,0.005018821,3188,4,0,1.0,21,,,0.0,0,0.0,0.991682062,0.998462856,0.999337504,0.993696072,6.0,,,,,,,,,,,,,,,,,,0.0,5.25
62,1493,PT,multiclass,1599,64,Medium,1599,64,0.040025016,102336,0,64,0.0,0,,,0.0,0,0.0,0.908702093,0.986944498,0.891810754,0.918295834,100.0,0.0065621,0.006180381,0.941829799,0.00689851,0.006286726,0.911316395,10.32080055,1.0,0.173331864,0.919176512,0.646674151,7.267362271,9.745004559,8.17259552,0.003306413,0.003570593,0.003509853,0.003301797,0.0
63,1555,AUL,multiclass,1000,40,Medium,1000,40,0.04,40000,3,37,0.075,7,8.0,204.0,0.0,0,0.0,0.339814667,0.355362634,0.323682616,0.339790425,8.0,0.165791413,0.120979218,0.729707383,0.253418949,0.138261761,0.545585725,9.64385619,1.0,0.862003317,7.064616904,1.208761107,2.579239285,6.780343154,6.357545582,0.001034968,0.002764041,0.002929109,0.000942601,2.3333333333333335
64,50,TTT,binclass,958,9,Small,958,9,0.009394572,8622,9,0,1.0,27,,,0.0,0,0.0,0.93555943,0.91455839,0.942563341,0.939453071,,,,,,,,,,,,,,,,,,,0.0,3.0
65,307,VW,multiclass,990,12,Small,990,12,0.012121212,11880,2,10,0.166666667,17,,,0.0,0,0.0,0.93555943,0.91455839,0.942563341,0.939453071,11.0,0.120068546,0.093804973,0.781261842,0.173420766,0.115262271,0.66463938,9.62935662,1.0,0.908595623,9.442153763,1.942980632,0.187202857,6.611067292,5.226702629,0.027495467,0.027926854,0.029554114,0.027465102,8.5
66,31,CS,binclass,1000,20,Medium,1000,20,0.02,20000,17,3,0.85,68,18.0,101.0,0.0,0,0.0,0.875,0.904,0.904,0.881,,2.563947449,0.947267896,0.36945683,4.943123469,1.368133662,0.276775134,9.181854635,0.952093691,0.851318075,2.266588165,1.669186846,3.918999896,6.353837203,5.225127712,0.14273459,0.121629678,0.144047632,0.140433484,4.0
67,1492,PS,multiclass,1600,64,Medium,1600,64,0.04,102400,0,64,0.0,0,,,0.0,0,0.0,0.908702093,0.986944498,0.891810754,0.918295834,100.0,0.006461986,0.006136559,0.949639876,0.006835606,0.00619336,0.906044098,10.32036559,0.999848623,0.800493289,0.95378186,0.883938591,7.151970837,7.661184449,7.383985154,0.011563349,0.011887427,0.011600586,0.011589233,0.0
68,4544,OM,regression,1059,117,Medium,1059,117,0.110481586,123903,0,117,0.0,0,2.0,64.0,0.0,0,0.0,0.339814667,0.355362634,0.323682616,0.339790425,,1.139764774,1.103399713,0.968094241,1.194113852,1.184315777,0.991794689,9.726218159,1.0,0.730504398,0.941507762,0.820471368,6.598597073,7.299535076,7.000671271,0.003481866,0.003361241,0.003365201,0.003425315,0.0
69,1479,HV,binclass,1212,100,Medium,1212,100,0.082508251,121200,0,100,0.0,0,,,0.0,0,0.0,0.908702093,0.986944498,0.891810754,0.918295834,,11.70751874,10.76954302,0.919882621,0.906235343,0.532491758,0.587586615,3.542722913,0.357116623,0.484299463,0.558172203,0.5376361,1.688514989,1.933914921,1.756734448,0.009969514,0.009988229,0.00997157,0.009969952,0.0
70,41702,MIP,regression,1090,147,Medium,1090,147,0.134862385,160230,44,103,0.299319728,104,60.0,691.0,0.0,0,0.0,0.96059443,0.960466981,0.957058329,0.960695513,,1.873875929,1.873588311,0.999846512,2.054932135,2.035324005,0.990458016,7.732822628,0.79163357,0.009966543,inf,inf,0.151375834,7.69971449,5.93945468,0.002422674,0.003259895,0.002780463,0.002549617,2.3636363636363638
71,934,SC,binclass,1156,5,Medium,1156,5,0.00432526,5780,4,1,0.8,38,,,0.0,0,0.0,0.908702093,0.986944498,0.891810754,0.918295834,,64.78154762,59.08335992,0.912039957,54.58674782,49.67040327,0.9099352,6.723555423,0.682473274,1.644921479,1.644921479,1.644921479,0.0,0.0,0.0,,,,0.0,9.5
72,35,DT,multiclass,366,34,Small,358,34,0.094972067,12172,33,1,0.970588235,129,,,0.001,0,0.022,0.93555943,0.91455839,0.942563341,0.939453071,6.0,1.306963772,1.206266827,0.92295353,1.181214757,0.951087915,0.805177813,5.472679111,0.670682035,2.736339556,2.736339556,2.736339556,0.0,0.0,0.0,,,,0.0,3.909090909090909
73,41021,MY,regression,1232,14,Medium,1232,10,0.008116883,12320,3,7,0.3,12,5.0,98.0,0.209,4,0.0,0.96059443,0.960466981,0.957058329,0.960695513,,1.685331613,1.001679076,0.594351324,4.220445178,1.837070533,0.435278852,9.939919001,0.999591621,0.907745765,5.535085644,1.601785721,4.404833357,6.924452841,6.454912134,0.066836545,0.06747969,0.068715081,0.066971971,4.0
74,41265,TC,regression,1307,7,Medium,1307,7,0.005355777,9149,6,1,0.857142857,25,,,0.0,0,0.0,0.96059443,0.960466981,0.957058329,0.960695513,,4.338457096,4.248962874,0.979371878,4.333325568,4.280945717,0.98791232,2.87151087,0.286312557,0.864410905,0.864410905,0.864410905,0.0,0.0,0.0,,,,0.0,4.166666666666667
75,1504,SPF,binclass,1941,33,Medium,1941,33,0.017001546,64053,9,24,0.272727273,19,10.0,43.0,0.0,0,0.0,0.908702093,0.986944498,0.891810754,0.918295834,,0.541995495,0.221143092,0.408016476,0.733789394,0.226689866,0.30893042,10.59991284,1.0,0.404220276,9.678946363,1.399773924,0.920966479,9.257122151,7.474365104,0.016673055,0.016333408,0.015812112,0.014982165,2.111111111111111
76,454,HF,multiclass,1340,16,Medium,1320,16,0.012121212,21120,2,14,0.125,24,,,0.001,0,0.015,0.342,0.374,0.292,0.343,3.0,0.376661604,0.188215265,0.49969326,0.624577039,0.180256415,0.288605574,10.04439412,1.0,0.83026304,2.34560983,1.003018155,0.456801101,7.286320001,6.584179515,0.046527068,0.044942825,0.046917899,0.046372053,12.0
77,43466,BNA,regression,1372,4,Medium,1372,4,0.002915452,5488,0,4,0.0,0,,,0.0,0,0.0,0.96059443,0.960466981,0.957058329,0.960695513,,1.190421331,1.028660843,0.864114928,2.35185251,2.175590016,0.925053764,8.328931431,0.82469993,0.927842542,0.970643279,0.952070566,5.104524253,5.246705222,5.166221468,0.134162389,0.129542325,0.135614454,0.133814822,0.0
78,1462,BNB,binclass,1372,4,Medium,1372,4,0.002915452,5488,0,4,0.0,0,,,0.0,0,0.0,0.908702093,0.986944498,0.891810754,0.918295834,,0.963475166,0.4760568,0.494103861,2.217979081,0.881966549,0.397644214,8.328931431,0.82469993,0.927842542,0.970643279,0.952070566,5.104524253,5.246705222,5.166221468,0.134162347,0.129542216,0.135614333,0.133814778,0.0
79,23,CE,multiclass,1473,9,Medium,1473,9,0.00610998,13257,8,1,0.888888889,37,9.0,71.0,0.0,0,0.0,0.97,0.965,0.977,0.971,3.0,4.438412697,4.064325171,0.915715921,4.174299778,3.276332033,0.784881826,3.253290691,0.31888367,0.979338083,0.979338083,0.979338083,0.0,0.0,0.0,,,,0.0,4.625
80,43919,AF,regression,1503,5,Medium,1503,5,0.00332668,7515,2,3,0.4,10,4.0,58.0,0.0,0,0.0,0.96059443,0.960466981,0.957058329,0.960695513,,0.978156025,0.862190917,0.881445183,0.813045234,0.778627761,0.95766844,8.844709867,0.864482324,0.748986451,2.583990914,1.428388106,2.165190253,6.356630732,4.734478088,0.190994125,0.20449668,0.232379506,0.196490313,5.0
81,42931,AUD,binclass,1552,36,Medium,1550,11,0.007096774,17050,6,5,0.545454545,46,7.0,91.0,0.347,25,0.001,1.0,1.0,0.995,1.0,,2.460193555,1.298064394,0.527626939,2.773496434,1.211534696,0.436825763,7.218377011,0.702441575,0.408027391,1.253644134,0.640285436,2.579342465,5.862939359,4.996491056,0.083568339,0.112212756,0.074890449,0.081914711,7.666666666666667
82,1501,SE,multiclass,1593,256,Medium,1593,256,0.160703076,407808,256,0,1.0,512,,,0.0,0,0.0,0.908702093,0.986944498,0.891810754,0.918295834,10.0,,,,,,,,,,,,,,,,,,0.0,2.0
83,315,VC,regression,1994,127,Medium,1993,103,0.051680883,205279,2,101,0.019417476,13,5.0,155.0,0.155,24,0.001,0.93555943,0.91455839,0.942563341,0.939453071,,0.754279374,0.621093207,0.823425946,1.078915799,0.628710463,0.582724309,10.63843591,1.0,0.280504487,3.683449908,0.905879685,4.800305937,9.706620179,7.692515528,0.003210858,0.0032272,0.003147506,0.003193608,6.5
84,41145,PH,binclass,5832,308,Medium,5832,308,0.052812071,1796256,0,308,0.0,0,1.0,31.0,0.0,0,0.0,0.96059443,0.960466981,0.957058329,0.960695513,,0.362074803,0.106511151,0.294168911,0.625544846,0.107332129,0.17158183,12.18766137,1.0,0.007915229,0.999111027,0.875362193,8.868686376,12.16136754,9.279771103,0.00050049,0.000530943,0.000519633,0.000500025,0.0
85,14,MF,multiclass,2000,76,Medium,2000,76,0.038,152000,0,76,0.0,0,,,0.0,0,0.0,1.0,0.99,0.991,1.0,10.0,0.071083921,0.048242888,0.678675114,0.122954318,0.057786267,0.469981596,10.64010619,0.999647684,0.896866814,0.995202907,0.950083341,7.334113694,7.660779125,7.483997648,0.002376591,0.002533519,0.002507914,0.002369277,0.0
86,185,BB,multiclass,1340,16,Medium,1320,16,0.012121212,21120,2,14,0.125,24,,,0.001,0,0.015,0.93555943,0.91455839,0.942563341,0.939453071,3.0,0.376662103,0.188215754,0.499693897,0.624578622,0.180258032,0.288607432,10.04439412,1.0,0.83026304,2.34560983,1.003018155,0.456801101,7.286320001,6.584179515,0.046527066,0.04494283,0.046917878,0.046372053,12.0
87,20,MP,multiclass,2000,240,Medium,2000,240,0.12,480000,240,0,1.0,1648,,,0.0,0,0.0,1.0,0.99,0.991,1.0,10.0,,,,,,,,,,,,,,,,,,0.0,6.866666666666666
88,12,MA,multiclass,2000,216,Medium,2000,216,0.108,432000,22,194,0.101851852,409,108.0,3344.0,0.0,0,0.0,1.0,0.99,0.991,1.0,10.0,0.067120375,0.050841589,0.75746879,0.093312792,0.0522284,0.559713179,10.64010619,0.999647684,0.880044121,2.00101763,1.026816098,2.103063137,7.716662899,7.076973389,0.001715541,0.001758243,0.001737823,0.001716146,18.59090909090909
89,16,MK,multiclass,2000,64,Medium,2000,64,0.032,128000,0,64,0.0,0,,,0.0,0,0.0,1.0,0.99,0.991,1.0,10.0,0.073666996,0.051332672,0.696820488,0.11364763,0.052456752,0.46157366,10.64010619,0.999647684,0.911154199,0.982502927,0.93939844,7.376302115,7.613317459,7.51949212,0.002150976,0.002372881,0.002375445,0.002138476,0.0
90,422,TO,regression,8885,266,Medium,8885,266,0.029938098,2363410,20,246,0.07518797,146,32.0,591.0,0.0,0,0.0,0.991682062,0.998462856,0.999337504,0.993696072,,0.144417075,0.140604437,0.973599817,0.154267465,0.138987252,0.900949865,12.78988188,0.999582181,0.017844144,inf,inf,2.060568575,12.73060491,10.28056176,0.002109587,0.00212871,0.00213041,0.002107415,7.3
91,503,WD,regression,6574,14,Medium,6574,14,0.002129601,92036,2,12,0.142857143,30,3.0,61.0,0.0,0,0.0,0.908702093,0.986944498,0.891810754,0.918295834,,0.547518969,0.189249842,0.345649836,1.78797195,0.422135155,0.236097191,12.36057278,1.0,0.926687506,2.496242338,1.091491237,3.411637607,9.282183519,8.596171213,0.062298208,0.061142034,0.06267208,0.062216028,15.0
92,18,MR,multiclass,2000,6,Medium,2000,6,0.003,12000,3,3,0.5,16,,,0.0,0,0.0,1.0,0.99,0.991,1.0,10.0,0.11325634,0.058589056,0.517313697,0.229457629,0.138060315,0.601681085,10.55135619,0.991309541,3.757578391,6.559389178,4.799596444,0.0,0.154970314,0.052490105,0.388876788,0.390519436,0.39013712,0.389131855,5.333333333333333
93,22,MZ,multiclass,2000,47,Medium,2000,47,0.0235,94000,0,47,0.0,0,,,0.0,0,0.0,1.0,0.99,0.991,1.0,10.0,0.069553438,0.049082321,0.705677858,0.104165345,0.049907976,0.479122649,10.55135619,0.991309541,0.820608353,0.990899713,0.938450186,7.259658595,7.825354247,7.433892152,0.007181918,0.007487303,0.007202855,0.007189751,0.0
94,41700,CPM,regression,2108,26,Medium,2108,26,0.012333966,54808,12,14,0.461538462,96,17.0,254.0,0.0,0,0.0,0.96059443,0.960466981,0.957058329,0.960695513,,1.104242773,1.008104645,0.912937508,1.421498651,1.275227712,0.897100895,8.991463991,0.838803792,0.57438675,inf,inf,0.018300565,7.083392509,4.199250174,0.026570354,0.026492153,0.026295462,0.02648137,8.0
95,1067,KC,binclass,2109,21,Medium,2109,21,0.009957326,44289,1,20,0.047619048,12,8.0,227.0,0.0,0,0.0,0.908702093,0.986944498,0.891810754,0.918295834,,0.135472923,0.099435702,0.733989493,0.198240707,0.118104414,0.595762679,7.761780646,0.724030205,0.273932158,1.16414539,0.624162875,3.588363076,6.851797713,5.673045941,0.040281818,0.041823965,0.041206596,0.040409524,12.0
96,1466,CTC,multiclass,2126,35,Medium,2126,35,0.016462841,74410,17,18,0.485714286,91,21.0,257.0,0.0,0,0.0,0.908702093,0.986944498,0.891810754,0.918295834,10.0,0.064012576,0.041592583,0.649756429,0.111078254,0.049780027,0.448152768,10.69396034,0.996518723,0.313269791,6.015362476,1.296507764,4.218151232,9.653300621,7.171872122,0.01903696,0.018939994,0.019590724,0.019022235,5.352941176470588
97,6,LT,multiclass,20000,16,Large,20000,16,0.0008,320000,16,0,1.0,256,,,0.0,0,0.0,1.0,0.998,0.999,1.0,26.0,,,,,,,,,,,,,,,,,,0.0,16.0
98,44091,WB,binclass,2554,11,Medium,2554,11,0.004306969,28094,0,11,0.0,0,,,0.0,0,0.0,0.619308733,0.617748841,0.621000983,0.619329998,,1.141155941,0.383323871,0.335908404,2.107921922,0.605675536,0.287333003,10.7276875,0.975557074,0.766357068,0.988052749,0.895051364,7.445447314,8.181904427,7.754391227,0.027774425,0.028991536,0.027892558,0.027769933,0.0
99,1486,NM,binclass,34465,118,Large,34465,118,0.003423763,4066870,51,67,0.43220339,270,71.0,896.0,0.0,0,0.0,0.908702093,0.986944498,0.891810754,0.918295834,,0.98032929,0.063420106,0.064692656,1.987583526,0.15727073,0.079126602,14.52573744,0.984734585,0.063116651,5.744313181,0.857803979,5.421216453,14.31606846,12.55448351,0.004789184,0.004724075,0.004665583,0.004766637,5.294117647058823
100,43926,AMH,regression,2930,80,Medium,2930,80,0.027303754,234400,58,22,0.725,381,62.0,514.0,0.0,0,0.0,1.788,1.32,1.684,1.743,,0.909353396,0.43053772,0.473454789,1.974876622,0.502640787,0.254517564,11.19475685,1.0,0.039847675,5.849644147,2.325193234,0.320880477,11.06238574,5.861657732,0.008600752,0.00868952,0.009162543,0.008565456,6.568965517241379
101,41143,JA,binclass,2984,144,Medium,2984,144,0.048257373,429696,137,7,0.951388889,287,,,0.0,0,0.0,0.96059443,0.960466981,0.957058329,0.960695513,,1.420701834,0.202809579,0.142753091,2.332564858,0.474045957,0.203229486,11.22098285,1.0,5.53230264,9.922035311,6.216906202,1.29894754,5.688680211,5.004076649,0.005045928,0.008026122,0.006128364,0.004564871,2.0948905109489053
102,507,VP,regression,3107,6,Medium,3107,6,0.001931123,18642,0,6,0.0,0,,,0.0,0,0.0,0.908702093,0.986944498,0.891810754,0.918295834,,0.507721634,0.386277952,0.760806565,1.10841283,0.675364771,0.60930797,9.910942249,0.878705184,0.905523124,0.965105379,0.929588522,6.704931576,6.902859543,6.822916022,0.116965387,0.117162527,0.118017153,0.116998235,0.0
103,46,SP,multiclass,3190,60,Medium,3190,60,0.018808777,191400,60,0,1.0,287,,,0.0,0,0.0,0.93555943,0.91455839,0.942563341,0.939453071,3.0,,,,,,,,,,,,,,,,,,0.0,4.783333333333333
104,3,KK,binclass,3196,36,Medium,3196,36,0.01126408,115056,36,0,1.0,73,,,0.0,0,0.0,0.999,0.994,1.0,0.999,,,,,,,,,,,,,,,,,,,0.0,2.0277777777777777
105,44055,AS,regression,4052,7,Medium,4052,7,0.001727542,28364,6,1,0.857142857,20,7.0,56.0,0.0,0,0.0,0.733469399,0.722635273,0.762206293,0.730777873,,32.37306945,30.92462898,0.955257858,30.52375651,29.6584467,0.971651268,5.119219956,0.438957463,1.541038761,1.541038761,1.541038761,0.0,0.0,0.0,,,,0.0,3.3333333333333335
106,44061,BZ,regression,4209,359,Medium,4209,359,0.085293419,1511031,359,0,1.0,735,,,0.0,0,0.0,0.733469399,0.722635273,0.762206293,0.730777873,,,,,,,,,,,,,,,,,,,0.0,2.0473537604456826
107,36,SG,multiclass,2310,19,Medium,2310,19,0.008225108,43890,3,16,0.157894737,8,,,0.0,0,0.0,0.93555943,0.91455839,0.942563341,0.939453071,7.0,0.189905829,0.09767394,0.514328291,0.303542848,0.16227556,0.534605117,10.68108666,0.984273284,0.125388057,inf,inf,1.326046235,10.26455655,6.887618256,0.030746518,0.032167789,0.031934753,0.031014521,2.6666666666666665
108,44160,RL,binclass,4970,12,Medium,4970,12,0.002414487,59640,7,5,0.583333333,33,,,0.0,0,0.0,0.426708801,0.426333383,0.471158684,0.426555128,,0.971985462,0.171340031,0.176278388,2.039293768,0.288794493,0.141614954,11.93446623,0.998106915,0.780756455,7.903201388,3.025394138,4.031264838,9.340849424,7.184906355,0.069264759,0.062494799,0.066106401,0.068209474,4.714285714285714
109,1471,EEG,binclass,14980,14,Large,14980,14,0.000934579,209720,0,14,0.0,0,,,0.0,0,0.0,0.908702093,0.986944498,0.891810754,0.918295834,,1.346257854,0.143423198,0.106534716,0.873389746,0.058183226,0.066617712,13.44182541,0.992102893,0.675865858,0.819022428,0.752820854,10.7210918,11.19664763,10.94100867,0.034558766,0.044968514,0.043036906,0.029502397,0.0
110,42727,CG,regression,7063,44,Medium,2839,32,0.011271574,90848,7,25,0.21875,53,8.0,78.0,0.335,12,0.598,0.96059443,0.960466981,0.957058329,0.960695513,,0.604080349,0.409103133,0.677232977,1.22890535,0.55629608,0.452676099,11.14911199,1.0,0.679258931,5.054170471,1.513789276,0.253601675,8.892662664,6.974215579,0.013918811,0.014355071,0.014855286,0.013998762,7.571428571428571
111,344,MV,regression,40768,10,Large,40768,10,0.00024529,407680,3,7,0.3,7,,,0.0,0,0.0,0.991682062,0.998462856,0.999337504,0.993696072,,0.701870068,0.034777195,0.049549334,1.599964862,0.803819584,0.502398273,14.99320377,1.0,0.965039996,9.413955706,3.146398678,0.072436995,11.7874103,9.413569067,0.025329125,0.025224268,0.025345846,0.025291641,2.3333333333333335
112,1489,PO,binclass,5404,5,Medium,5404,5,0.000925241,27020,0,5,0.0,0,,,0.0,0,0.0,0.908702093,0.986944498,0.891810754,0.918295834,,0.45982487,0.078272768,0.170222997,1.11314622,0.396109731,0.355846989,10.61186725,0.878624601,0.862343141,0.982483852,0.930797995,7.348126537,7.747225339,7.519823236,0.036238991,0.03667814,0.03838745,0.036371935,0.0
113,1487,OZ,binclass,2534,72,Medium,2534,72,0.028413575,182448,0,72,0.0,0,,,0.0,0,0.0,0.908702093,0.986944498,0.891810754,0.918295834,,0.035507668,0.029539647,0.831923037,0.044644664,0.032420287,0.726185042,10.97329022,0.998922165,0.353049588,0.975123139,0.9191421,7.734001266,9.800484869,7.919966249,0.006515918,0.006607476,0.006552549,0.006518755,0.0
114,1043,AA,binclass,4562,48,Medium,4562,48,0.010521701,218976,43,5,0.895833333,99,,,0.0,0,0.0,0.908702093,0.986944498,0.891810754,0.918295834,,0.305755527,0.076009295,0.248595,0.781608595,0.257149487,0.329000332,10.66507217,0.901277352,0.500687753,5.637598717,2.248019216,5.027473451,10.16438442,8.013067619,0.014098418,0.016583744,0.019021363,0.014510793,2.302325581395349
115,24,MS,binclass,8124,22,Medium,5644,22,0.003897945,124168,22,0,1.0,98,,,0.014,0,0.305,0.961,0.94,0.964,0.959,,,,,,,,,,,,,,,,,,,0.0,4.454545454545454
116,44158,KU,binclass,5032,45,Medium,5032,45,0.008942766,226440,16,29,0.355555556,101,17.0,147.0,0.0,0,0.0,0.426708801,0.426333383,0.471158684,0.426555128,,1.014971763,0.145145774,0.143004741,1.028782424,0.14363104,0.13961265,11.97477307,1.0,0.461843493,3.182232397,0.846022741,1.887335031,10.44056219,9.162390782,0.011094532,0.01007366,0.010455464,0.010920168,6.3125
117,1494,QB,binclass,1055,41,Medium,1055,41,0.038862559,43255,22,19,0.536585366,193,24.0,238.0,0.0,0,0.0,0.908702093,0.986944498,0.891810754,0.918295834,,0.65881608,0.433367093,0.657796775,0.89326417,0.353053646,0.395239905,9.683765332,0.996159503,0.486168706,5.923394755,1.356761667,0.295406768,8.068747848,5.578378028,0.017894073,0.018723292,0.017211322,0.017674594,8.772727272727273
118,40900,SAT,binclass,5100,36,Medium,5100,36,0.007058824,183600,0,36,0.0,0,9.0,435.0,0.0,0,0.0,0.96059443,0.960466981,0.957058329,0.960695513,,1.311658074,0.235302178,0.179392925,2.729433018,0.305128095,0.11179175,11.99318802,0.999902836,0.914844679,0.982849159,0.947898869,8.728233788,8.95413978,8.84433614,0.019152367,0.01970141,0.018964987,0.019185703,0.0
119,44136,WR,regression,6497,11,Medium,6497,11,0.001693089,71467,0,11,0.0,0,,,0.0,0,0.0,0.426708801,0.426333383,0.471158684,0.426555128,,0.331609237,0.265881295,0.80179098,0.659005786,0.527007077,0.799700228,11.98120479,0.97065179,0.744764685,0.963396505,0.874878717,8.780870875,9.507150063,9.074920604,0.027596443,0.028582071,0.028876439,0.027786406,0.0
120,43986,WQ,multiclass,6497,11,Medium,6497,11,0.001693089,71467,0,11,0.0,0,,,0.0,0,0.0,0.733469399,0.722635273,0.762206293,0.730777873,7.0,0.069702464,0.020011192,0.287094473,0.191104061,0.067609715,0.353784813,11.98120479,0.97065179,0.744764685,0.963396505,0.874878717,8.780870875,9.507150063,9.074920604,0.027596442,0.028582077,0.028876445,0.027786406,0.0
121,44124,KL,binclass,5188,20,Medium,5188,20,0.00385505,103760,6,14,0.3,75,9.0,195.0,0.0,0,0.0,0.619308733,0.617748841,0.621000983,0.619329998,,1.467218297,0.156068325,0.106370215,3.338940643,1.224107193,0.36661544,11.86035168,0.986808776,0.289911308,1.608035742,0.827149813,5.57793196,10.89728716,9.0290495,0.03882687,0.039435877,0.039431804,0.038939256,12.5
122,372,IU,multiclass,10108,71,Medium,7409,71,0.00958294,526039,67,4,0.943661972,219,,,0.004,0,0.267,0.991682062,0.998462856,0.999337504,0.993696072,46.0,0.003508181,0.001757094,0.500856108,0.006879923,0.002945957,0.42819619,12.53308634,1.0,0.849510076,12.53308634,4.291483984,0.0,11.68357627,6.983828985,0.009946551,0.01021304,0.016117951,0.009991228,3.2686567164179103
123,1497,WN,multiclass,5456,24,Medium,5456,24,0.004398827,130944,0,24,0.0,0,,,0.0,0,0.0,0.908702093,0.986944498,0.891810754,0.918295834,4.0,0.181046599,0.047244026,0.260949537,0.387096113,0.079951963,0.206542923,11.92994732,0.986644425,0.735826237,0.974126038,0.877425223,8.693970665,9.485585469,9.015203819,0.008894925,0.009835424,0.008909953,0.008958351,0.0
124,40499,TX,multiclass,5500,40,Medium,5500,40,0.007272727,220000,0,40,0.0,0,,,0.0,0,0.0,0.339814667,0.355362634,0.323682616,0.339790425,11.0,0.032254155,0.016646752,0.516111863,0.057203021,0.017846774,0.311990066,12.07936483,0.998023431,0.840529218,0.98409782,0.937449331,8.810262628,9.287187203,8.965225554,0.019190972,0.019204868,0.019415155,0.01921385,0.0
125,41027,JU,multiclass,44819,6,Large,44819,6,0.000133872,268914,6,0,1.0,42,,,0.0,0,0.0,0.96059443,0.960466981,0.957058329,0.960695513,3.0,,,,,,,,,,,,,,,,,,0.0,7.0
126,562,CPU,regression,8192,12,Medium,8192,12,0.001464844,98304,0,12,0.0,0,,,0.0,0,0.0,0.908702093,0.986944498,0.891810754,0.918295834,,0.459360907,0.164032194,0.35708784,0.949158809,0.259805699,0.273722054,12.10656301,0.954931415,0.089791863,0.916606221,0.664867086,9.061663055,11.8082809,9.897922362,0.026008011,0.028046762,0.028266331,0.02627205,0.0
127,189,KI,regression,8192,8,Medium,8192,8,0.000976563,65536,0,8,0.0,0,,,0.0,0,0.0,0.93555943,0.91455839,0.942563341,0.939453071,,0.147417437,0.145119845,0.984414378,0.182250539,0.181831222,0.99769923,12.67793982,1.0,0.998739957,0.999867637,0.999559593,9.356451422,9.360197493,9.357474721,0.001918283,0.004518641,0.004956612,0.001481913,0.0
128,1475,FT,multiclass,6118,51,Medium,6118,51,0.008336058,312018,0,51,0.0,0,7.0,246.0,0.0,0,0.0,0.908702093,0.986944498,0.891810754,0.918295834,6.0,0.154533426,0.094141363,0.609197407,0.167461819,0.080144465,0.478583512,10.64800102,0.868742447,0.116243192,0.952417553,0.664207888,7.484138395,10.2618495,8.441550178,0.006422778,0.006299408,0.0064647,0.006379255,0.0
129,44056,SO,regression,8641,4,Medium,8641,4,0.000462909,34564,1,3,0.25,2,,,0.0,0,0.0,0.733469399,0.722635273,0.762206293,0.730777873,,0.328338515,0.218210373,0.664589632,0.785315909,0.757673415,0.964800797,8.334315509,0.653421326,0.953658878,0.99271197,0.976110317,5.036597725,5.166329289,5.091747223,0.084847543,0.07745682,0.085269756,0.084023528,2.0
130,182,SI,multiclass,6430,36,Medium,6430,36,0.005598756,231480,0,36,0.0,0,5.0,250.0,0.0,0,0.0,0.93555943,0.91455839,0.942563341,0.939453071,6.0,0.077623189,0.025789816,0.332243705,0.161625798,0.035774461,0.221341278,12.3240093,0.999621563,0.894803223,0.992694793,0.961588731,9.026348576,9.351537331,9.129680678,0.016700225,0.016508981,0.016588254,0.016666591,0.0
131,40685,SH,multiclass,58000,9,Large,58000,9,0.000155172,522000,0,9,0.0,0,,,0.0,0,0.0,0.339814667,0.355362634,0.323682616,0.339790425,7.0,0.270903356,0.15224439,0.561987832,0.155587591,0.027301769,0.175475233,7.758273206,0.500474435,0.003755576,0.9483193,0.556123359,4.608024681,7.745797453,5.910871397,0.039258333,0.039198656,0.039550158,0.039251872,0.0
132,44157,EM,binclass,7608,23,Medium,7608,23,0.003023134,174984,5,18,0.217391304,26,,,0.0,0,0.0,0.426708801,0.426333383,0.471158684,0.426555128,,0.63580064,0.083839906,0.131865086,1.394908756,0.100648153,0.072153933,12.57127862,1.0,0.328410731,10.58873806,1.671725593,1.982540558,11.48032178,9.399734606,0.012674307,0.014052363,0.013553424,0.012829004,5.2
133,45062,CH,binclass,10000,10,Large,10000,10,0.001,100000,6,4,0.6,24,,,0.0,0,0.0,0.426708801,0.426333383,0.471158684,0.426555128,,0.165248556,0.023271227,0.140825597,0.75440906,0.447104999,0.592655924,11.62288815,0.896427698,0.851517379,0.99943251,0.933222954,8.302845218,8.794208648,8.522788602,0.003907471,0.012596172,0.010022816,0.003859789,4.0
134,44145,SF,regression,10081,6,Large,10081,6,0.000595179,60486,0,6,0.0,0,,,0.0,0,0.0,0.426708801,0.426333383,0.471158684,0.426555128,,0.228548491,0.220213278,0.963529782,0.236904731,0.221720746,0.935906786,10.60040008,0.816842986,0.792391958,0.970927812,0.901015477,7.375047703,7.968130974,7.607291455,0.070365462,0.069806318,0.06767225,0.069967569,0.0
135,151,EL,binclass,45312,8,Large,45312,8,0.000176554,362496,1,7,0.125,7,2.0,55.0,0.0,0,0.0,0.93555943,0.91455839,0.942563341,0.939453071,,0.544287542,0.017449668,0.03205965,1.528130139,0.319293079,0.208943643,13.73497586,0.906859238,0.434771048,1.989334079,0.954053405,8.150209042,12.2906977,10.7119159,0.043342247,0.042788267,0.045875025,0.043360382,7.0
136,1531,VV,multiclass,10176,3,Large,10176,3,0.000294811,30528,0,3,0.0,0,,,0.0,0,0.0,0.908702093,0.986944498,0.891810754,0.918295834,5.0,0.149747464,0.009408408,0.062828499,0.406298527,0.083196168,0.204766107,9.252579095,0.712240184,0.812367715,0.999510877,0.937026716,5.93227583,6.553951959,6.13984372,0.00610345,0.012907757,0.009938652,0.006055393,0.0
137,1459,AC,multiclass,10218,7,Large,10218,7,0.000685066,71526,1,6,0.142857143,8,3.0,101.0,0.0,0,0.0,0.908702093,0.986944498,0.891810754,0.918295834,10.0,0.047188044,0.019349774,0.410056707,0.095723714,0.02951384,0.308323181,11.11523511,0.855226858,0.870444858,1.08112093,0.947668748,7.87187232,8.223679882,8.025154873,0.056897058,0.05559697,0.058550862,0.056895382,8.0
138,44126,BM,binclass,10578,7,Large,10578,7,0.000661751,74046,0,7,0.0,0,3.0,98.0,0.0,0,0.0,0.619308733,0.617748841,0.621000983,0.619329998,,1.328825004,0.331708423,0.249625362,5.974896678,4.707579599,0.787893055,12.30323949,0.943009439,0.444471093,0.989800032,0.689866886,9.015194958,10.82673848,10.0115513,0.019449274,0.020206648,0.019497508,0.019434483,0.0
139,44062,BH,regression,10692,11,Large,10692,11,0.001028807,117612,6,5,0.545454545,41,,,0.0,0,0.0,0.733469399,0.722635273,0.762206293,0.730777873,,3.18204234,1.47688457,0.464131024,4.087751411,1.292847452,0.316273501,12.92500343,0.989495549,0.632884217,3.203212616,2.088812764,4.84609593,10.82260757,6.511917936,0.072522016,0.139846098,0.111057485,0.073127494,6.833333333333333
140,40985,TE,multiclass,45781,2,Large,45781,2,4.36862e-05,91562,0,2,0.0,0,,,0.0,0,0.0,0.96059443,0.960466981,0.957058329,0.960695513,20.0,0.009095801,0.001068633,0.117486364,0.025452166,0.005355709,0.210422514,6.640096587,0.437986598,0.999635919,0.999861107,0.999748513,3.318629885,3.319377942,3.319003914,0.001952265,0.02029365,0.00415599,0.00316487,0.0
141,44131,JN,binclass,57580,54,Large,57580,54,0.000937826,3109320,0,54,0.0,0,,,0.0,0,0.0,0.426708801,0.426333383,0.471158684,0.426555128,,0.489712337,0.010700483,0.021850549,1.122324081,0.031989687,0.028503074,15.49135207,1.0,0.6105481,0.99859994,0.883498883,12.17407488,13.46315519,12.55643231,0.002914303,0.002916526,0.002891365,0.002908347,0.0
142,4534,PW,binclass,11055,30,Large,11055,30,0.002713704,331650,30,0,1.0,68,,,0.0,0,0.0,0.339814667,0.355362634,0.323682616,0.339790425,,,,,,,,,,,,,,,,,,,0.0,2.2666666666666666
143,558,BR,regression,8192,32,Medium,8192,32,0.00390625,262144,4,28,0.125,26,,,0.0,0,0.0,0.908702093,0.986944498,0.891810754,0.918295834,,0.16042129,0.15895218,0.990842171,0.166852932,0.164906138,0.988332278,12.67793982,1.0,0.812847176,4.515320986,1.198094985,0.001831222,9.977719946,8.863914072,0.000446813,0.001225325,0.001254067,0.00038563,6.5
144,44132,CT,regression,8192,21,Medium,8192,21,0.002563477,172032,0,21,0.0,0,,,0.0,0,0.0,0.426708801,0.426333383,0.471158684,0.426555128,,0.439299875,0.171366846,0.390090814,0.612964826,0.205427611,0.335137682,12.24147297,0.965572731,0.089791863,0.916606221,0.616754113,9.196573014,11.94319086,10.19266016,0.015481475,0.016316328,0.015927191,0.015535491,0.0
145,26,NS,multiclass,12960,8,Large,12960,8,0.000617284,103680,8,0,1.0,27,,,0.0,0,0.0,0.741,0.836,0.862,0.739,5.0,,,,,,,,,,,,,,,,,,0.0,3.375
146,44125,MT,binclass,13376,10,Large,13376,10,0.000747608,133760,0,10,0.0,0,,,0.0,0,0.0,0.619308733,0.617748841,0.621000983,0.619329998,,0.486468022,0.047042633,0.096702416,1.312549418,0.19025991,0.144954474,13.31041083,0.994403396,0.726209713,0.978796448,0.872625457,10.05891941,10.89799438,10.41161181,0.040798411,0.041756331,0.041031438,0.040860498,0.0
147,40536,SD,binclass,8378,120,Medium,8378,119,0.014203867,996982,101,18,0.848739496,662,105.0,751.0,0.018,1,0.42,0.339814667,0.355362634,0.323682616,0.339790425,,0.12723659,0.044215024,0.347502429,0.25785436,0.058477553,0.226785202,11.92444139,1.0,0.777569971,3.998168413,1.728142609,7.707724599,9.34140986,8.469570988,0.00693858,0.007178533,0.007456918,0.006920055,6.554455445544554
148,4538,GE,multiclass,9873,32,Medium,9873,32,0.003241163,315936,0,32,0.0,0,,,0.0,0,0.0,0.339814667,0.355362634,0.323682616,0.339790425,5.0,0.15587211,0.03743828,0.240185883,0.248700496,0.027586639,0.110923136,11.63573589,0.898701765,0.317337823,0.79416305,0.588370188,8.997583343,10.58156246,9.681212434,0.005947052,0.006457796,0.007156998,0.006001915,0.0
149,41147,AB,binclass,425240,78,Large,66300,73,0.001101056,4839900,12,61,0.164383562,105,18.0,323.0,0.082,5,0.844,0.96059443,0.960466981,0.957058329,0.960695513,,1.011353491,0.016534441,0.016348825,2.690177142,1.125676398,0.418439507,15.69479315,1.0,0.081281652,7.734233459,1.127149456,3.436323151,15.42478135,12.25514599,0.00073611,0.000769046,0.000750252,0.000732341,8.75
150,42183,SA,regression,10738,14,Large,10738,14,0.001303781,150332,10,4,0.714285714,83,13.0,190.0,0.0,0,0.0,0.96059443,0.960466981,0.957058329,0.960695513,,0.219902238,0.204201613,0.928601796,0.301721503,0.2978527,0.987177569,11.26419878,0.861938892,0.505343007,5.097744578,1.950241552,3.184464783,9.585485645,6.78966474,0.042564019,0.041773032,0.043300451,0.042410754,8.3
151,42345,TV,multiclass,70340,20,Large,69383,20,0.000288255,1387660,9,11,0.45,40,11.0,88.0,0.002,0,0.014,0.96059443,0.960466981,0.957058329,0.960695513,3.0,1.508045774,0.767019336,0.508618073,1.161772819,0.255965115,0.220322864,15.73059887,0.998111893,0.20259971,7.604216383,2.127523009,8.126382488,15.0575772,12.73989652,0.014260374,0.014240385,0.014329463,0.014254336,4.444444444444445
152,44122,POB,binclass,10082,26,Large,10082,26,0.002578853,262132,0,26,0.0,0,4.0,159.0,0.0,0,0.0,0.619308733,0.617748841,0.621000983,0.619329998,,1.796058964,0.310829223,0.173061815,1.666790406,0.162259853,0.097348684,12.58302943,0.969606577,0.085292983,0.927481437,0.366427869,9.502002785,12.29969227,11.36578239,0.006471822,0.006605891,0.006533354,0.006473116,0.0
153,32,PE,multiclass,10992,16,Large,10992,16,0.001455604,175872,0,16,0.0,0,,,0.0,0,0.0,1.0,0.999,0.999,1.0,10.0,0.054437108,0.010754976,0.197567003,0.125613083,0.048982931,0.389950868,13.09750483,0.999646247,0.784085488,0.993129833,0.927069582,9.798398935,10.49282922,10.01784634,0.02192463,0.021807033,0.021754763,0.021884528,0.0
154,44089,CR,binclass,16714,10,Large,16714,10,0.000598301,167140,5,5,0.5,75,6.0,123.0,0.0,0,0.0,0.619308733,0.617748841,0.621000983,0.619329998,,0.80182183,0.03191787,0.039806686,1.834038493,0.150199795,0.081895661,13.62970865,0.994374253,0.005107641,3.357951736,1.17567658,0.197901703,13.61274143,9.268809038,0.024280984,0.03669905,0.030196813,0.024739812,15.0
155,44063,BD,regression,17379,11,Large,17379,11,0.000632948,191169,6,5,0.545454545,26,9.0,130.0,0.0,0,0.0,0.733469399,0.722635273,0.762206293,0.730777873,,0.434198191,0.093987675,0.216462614,1.42898339,0.806807893,0.564602709,13.55751831,0.98506222,0.983470574,5.195686832,2.762423317,8.15449558,10.29049978,9.100748004,0.077643612,0.078090924,0.076791868,0.077581223,4.333333333333333
156,44026,FIS,regression,18063,5,Large,18063,5,0.000276809,90315,0,5,0.0,0,2.0,77.0,0.0,0,0.0,0.733469399,0.722635273,0.762206293,0.730777873,,0.101975917,0.07217989,0.707813104,0.16487728,0.124455302,0.754835975,11.67750772,0.845046099,0.37323199,0.951966765,0.793686459,8.515142573,10.43765788,9.040938371,0.060200049,0.059405627,0.059102558,0.059998964,0.0
157,43044,DD,multiclass,120215,19,Large,99330,15,0.000151012,1489950,3,12,0.2,9,,,0.194,4,0.174,0.422,0.427,0.426,0.423,7.0,0.051359572,0.001222529,0.023803339,0.147968059,0.01519208,0.102671344,15.53789065,0.954532343,0.51332795,3.449729502,1.116858197,6.620469246,13.83265211,12.03962902,0.019495625,0.019180319,0.019521807,0.01946241,3.0
158,41168,JM,multiclass,83733,54,Large,83733,54,0.000644907,4521582,0,54,0.0,0,,,0.0,0,0.0,0.96059443,0.960466981,0.957058329,0.960695513,4.0,0.116429866,0.002637956,0.022657036,0.268852326,0.009449427,0.035147276,16.03157198,1.0,0.593016544,0.996981496,0.882752153,12.71967114,14.06161367,13.09913281,0.002940684,0.002913091,0.002952202,0.002936905,0.0
159,44090,CAB,binclass,20634,8,Large,20634,8,0.00038771,165072,0,8,0.0,0,,,0.0,0,0.0,0.619308733,0.617748841,0.621000983,0.619329998,,1.12080261,0.17626726,0.157268781,1.915246096,0.187819196,0.098065307,13.50717046,0.964054856,0.409994229,0.984874958,0.74325978,10.23548666,12.14519911,11.03811491,0.03481163,0.035017865,0.034971871,0.034701556,0.0
160,999999,CA,regression,20640,8,Large,20640,8,0.000387597,165120,0,8,0.0,0,,,0.0,0,0.0,0.426708801,0.426333383,0.471158684,0.426555128,,0.301484818,0.192719025,0.639232936,0.162819571,0.151844563,0.932594049,13.55971241,0.967774783,0.387793255,0.968457439,0.755969777,10.34256644,12.2714911,11.04843517,0.034717405,0.035009067,0.034515727,0.034700623,0.0
161,537,HO,regression,20640,8,Large,20640,8,0.000387597,165120,0,8,0.0,0,,,0.0,0,0.0,0.908702093,0.986944498,0.891810754,0.918295834,,0.060467696,0.053040161,0.877165248,0.080658767,0.061949863,0.768048721,13.21027734,0.942835135,0.748373069,0.968457439,0.845782774,9.993131365,10.72423582,10.40064778,0.063750553,0.063619542,0.064424371,0.063783306,0.0
162,23512,HI,binclass,98050,28,Large,98049,28,0.000285571,2745372,4,24,0.142857143,12,,,0.0,0,0.0,0.339814667,0.355362634,0.323682616,0.339790425,,0.777602293,0.007604204,0.009779041,1.628856007,0.039000177,0.023943293,16.25882457,0.999971773,0.406088605,10.01666815,2.145489107,0.382781162,14.90982742,11.59718365,0.006870433,0.006908399,0.00705272,0.006889446,3.0
163,44054,YP,regression,8885,62,Medium,8885,62,0.006978053,550870,42,20,0.677419355,332,52.0,626.0,0.0,0,0.0,0.733469399,0.722635273,0.762206293,0.730777873,,0.17508348,0.150801095,0.861309671,0.201754035,0.164847709,0.817072675,12.77218711,0.998199261,0.296199199,12.70085077,3.409557608,0.071336332,11.78823466,8.414064587,0.017343267,0.018042073,0.017145214,0.01730132,7.904761904761905
164,44057,BF,regression,166821,9,Large,166821,9,5.395e-05,1501389,8,1,0.888888889,60,9.0,81.0,0.0,0,0.0,0.733469399,0.722635273,0.762206293,0.730777873,,0.231330099,0.227521889,0.983537767,0.231857332,0.230429751,0.993842846,3.967671801,0.233035987,3.967671801,3.967671801,3.967671801,0.0,0.0,0.0,,,,0.0,7.5
165,45714,PC,multiclass,35300,5,Large,35300,5,0.000141643,176500,1,4,0.2,10,,,0.0,0,0.0,0.986,0.984,0.985,0.985,10.0,0.090329786,0.061532949,0.681203312,0.229195655,0.159311158,0.695088035,9.064015085,0.61303603,0.886467375,0.999539164,0.967325369,5.743617856,6.119234209,5.850629765,0.118204128,0.117428003,0.118378952,0.118137826,10.0
166,44162,CPS,binclass,16644,17,Large,16644,17,0.001021389,282948,12,5,0.705882353,85,13.0,124.0,0.0,0,0.0,0.426708801,0.426333383,0.471158684,0.426555128,,0.914608828,0.067373554,0.073663792,2.2050456,0.337598931,0.153102925,13.67085383,0.997816839,0.856374921,5.244912285,2.440157969,3.60793302,10.82603792,8.753857323,0.020012918,0.022365104,0.022824386,0.020210677,7.083333333333333
167,1476,GD,multiclass,13910,128,Large,13910,128,0.009202013,1780480,0,128,0.0,0,,,0.0,0,0.0,0.985,0.984,0.984,0.985,6.0,0.048667533,0.016454533,0.338100836,0.072958161,0.020986942,0.287657226,13.29322897,0.988939237,0.472502178,0.955079089,0.797043428,10.12052491,11.72361071,10.64550801,0.004401754,0.00457553,0.004819799,0.004391412,0.0
168,44984,CWE,regression,28155,6,Large,28155,6,0.000213106,168930,5,1,0.833333333,29,,,0.0,0,0.0,6.324,10.658,1.946,6.504,,2.362253886,2.133447071,0.903140464,2.795652315,2.673686441,0.956373018,5.564843974,0.384865928,1.310013873,1.310013873,1.310013873,0.0,0.0,0.0,,,,0.0,5.8
169,1509,WA,multiclass,149332,4,Large,149332,4,2.6786e-05,597328,0,4,0.0,0,,,0.0,0,0.0,0.908702093,0.986944498,0.891810754,0.918295834,22.0,0.008867639,0.000749435,0.084513493,0.023526042,0.006717426,0.285531485,11.35613317,0.67330602,0.885613767,0.94957046,0.908792533,8.201728379,8.414187914,8.337189722,0.036848885,0.037496391,0.037118372,0.036929325,0.0
170,42734,OC,multiclass,50789,19,Large,11709,17,0.001451875,199053,9,8,0.529411765,69,13.0,231.0,0.16,2,0.769,0.96059443,0.960466981,0.957058329,0.960695513,3.0,0.378994811,0.028061222,0.074041177,1.01250547,0.161510912,0.159516089,13.18253439,0.999178606,0.620722038,2.185775121,1.117528984,9.185325431,10.59417005,9.99347772,0.010266498,0.010529502,0.01092019,0.010231658,7.666666666666667
171,44059,DIA,regression,53940,9,Large,53940,9,0.000166852,485460,3,6,0.333333333,20,,,0.0,0,0.0,0.733469399,0.722635273,0.762206293,0.730777873,,1.88332202,0.4893092,0.259811755,4.71814027,1.566729771,0.332065111,14.86608554,0.965509551,0.869238223,2.837322503,1.527536726,6.354118028,11.97853866,10.45958534,0.11284449,0.115852302,0.116156653,0.113438884,6.666666666666667
172,4135,AZ,binclass,32769,9,Large,32769,9,0.00027465,294921,0,9,0.0,0,,,0.0,0,0.0,0.319,0.306,0.33,0.319,,2.448834859,0.127105767,0.051904589,6.275361187,0.800320999,0.127533854,13.84927074,0.943532616,0.559132977,0.995525501,0.863399836,10.54220661,11.9918712,10.98111857,0.020979413,0.020410488,0.020806348,0.020886419,0.0
173,45060,OS,binclass,12330,17,Large,12330,17,0.001378751,209610,9,8,0.529411765,88,10.0,115.0,0.0,0,0.0,0.426708801,0.426333383,0.471158684,0.426555128,,0.10565592,0.01511642,0.143072157,0.205404909,0.058060701,0.282664622,12.79372389,0.964257256,0.335869205,4.097845584,1.581977454,0.500187142,11.67799054,8.202174093,0.036738168,0.036976968,0.035736332,0.036645334,9.777777777777779
174,44068,UKA,regression,394299,6,Large,394299,6,1.52169e-05,2365794,3,3,0.5,23,5.0,88.0,0.0,0,0.0,0.733469399,0.722635273,0.762206293,0.730777873,,0.346687637,0.008226295,0.023728262,1.438375789,0.963263899,0.669688621,16.18434894,0.885988263,0.99145954,3.260055016,1.902042932,7.032217448,12.89079164,10.29754018,0.012321254,0.014621125,0.012782182,0.012570083,7.666666666666667
175,44137,AR,regression,13750,33,Large,13750,33,0.0024,453750,8,25,0.242424242,92,9.0,113.0,0.0,0,0.0,0.426708801,0.426333383,0.471158684,0.426555128,,0.38010783,0.158781155,0.41772661,1.213127228,0.504166148,0.415592146,13.41951091,0.999575054,0.709360708,1.258461894,0.869824926,9.238990991,11.06306565,10.53001505,0.025408133,0.025400467,0.025574129,0.025423041,11.5
176,44123,HOB,binclass,13488,16,Large,13488,16,0.00118624,215808,0,16,0.0,0,,,0.0,0,0.0,0.619308733,0.617748841,0.621000983,0.619329998,,0.537227388,0.043569996,0.081101591,1.43010007,0.080515094,0.056300322,13.3962951,0.999916988,0.267499229,0.973480884,0.709947931,10.16246161,12.5076819,11.03789913,0.015384105,0.015054418,0.015280825,0.015274689,0.0
177,41162,KB,binclass,72983,32,Large,67212,30,0.000446349,2016360,11,19,0.366666667,70,13.0,139.0,0.064,2,0.079,0.457,0.449,0.442,0.454,,0.015691984,0.001732698,0.110419284,0.040723191,0.005174518,0.127065641,15.66068766,0.996576448,0.840102123,8.189626892,2.765110294,2.680436143,12.86992882,9.411706901,0.022579159,0.022521083,0.022636467,0.022577451,6.363636363636363
178,44133,POR,regression,15000,26,Large,15000,26,0.001733333,390000,0,26,0.0,0,4.0,167.0,0.0,0,0.0,0.426708801,0.426333383,0.471158684,0.426555128,,1.594963852,0.494262676,0.309889579,0.499566445,0.234438165,0.469283251,13.19101583,0.973453053,0.089485232,0.917253277,0.373778195,10.1439664,12.89375233,11.94935154,0.006546332,0.00666099,0.006473854,0.006541005,0.0
179,846,EV,binclass,16599,18,Large,16599,18,0.001084403,298782,4,14,0.222222222,33,10.0,227.0,0.0,0,0.0,0.908702093,0.986944498,0.891810754,0.918295834,,1.154873281,0.061096348,0.052903075,2.393722928,0.171388072,0.07159896,13.67902961,0.998698295,0.614711624,0.969993488,0.902311923,9.889371179,11.6370018,10.64108501,0.03188055,0.032203366,0.03208871,0.031926169,8.25
180,44963,PP,regression,45730,9,Large,45730,9,0.000196807,411570,0,9,0.0,0,,,0.0,0,0.0,0.558,0.611,0.59,0.567,,0.042533389,0.034473476,0.810503864,0.069873169,0.059579604,0.852682152,12.75484582,0.841408322,0.672568576,0.954905434,0.892020323,9.582718629,10.52062137,9.791618446,0.080779629,0.080879847,0.082438977,0.080939516,0.0
181,44134,EVR,regression,16599,16,Large,16599,16,0.000963913,265584,2,14,0.125,27,8.0,221.0,0.0,0,0.0,0.426708801,0.426333383,0.471158684,0.426555128,,0.248816068,0.076604141,0.307874574,0.898595138,0.268422608,0.298713622,13.67902961,0.998698295,0.614711624,0.969993488,0.902311923,9.889371179,11.6370018,10.64108501,0.031880549,0.032203365,0.032088711,0.031926168,13.5
182,41275,WR,multiclass,129971,12,Large,52106,11,0.000211108,573166,3,8,0.272727273,35,,,0.131,1,0.599,0.82,0.827,0.819,0.819,21.0,0.007819158,0.000831705,0.106367647,0.022662796,0.004769459,0.210453243,15.20862164,0.990970052,0.690115725,5.417294247,1.815112394,0.00035397,12.91610682,9.248926875,0.007869916,0.00809693,0.008722826,0.007944584,11.666666666666666
183,45012,FI,regression,19178,28,Large,19178,28,0.001460006,536984,0,28,0.0,0,4.0,171.0,0.0,0,0.0,0.426708801,0.426333383,0.471158684,0.426555128,,0.185577214,0.063400156,0.34163761,0.464913235,0.111786464,0.240445864,13.90519895,1.0,0.822370337,0.985081134,0.932036833,10.63283025,11.17334382,10.8090396,0.018827875,0.018820598,0.018984821,0.018843097,0.0
184,45548,OT,multiclass,61878,93,Large,61878,93,0.001502957,5754654,8,85,0.086021505,135,67.0,2162.0,0.0,0,0.0,0.426708801,0.426333383,0.471158684,0.426555128,9.0,0.045889705,0.007368321,0.160565873,0.057539216,0.007553907,0.131282759,15.57930982,0.998981137,0.058869068,0.748130121,0.327825448,13.09407535,15.38375101,14.47173641,0.001466306,0.001482053,0.001483825,0.001466636,16.875
185,44148,ST,regression,21263,79,Large,21263,79,0.003715374,1679777,0,79,0.0,0,,,0.0,0,0.0,0.426708801,0.426333383,0.471158684,0.426555128,,1.080021284,0.606544192,0.561603925,1.745167262,0.603465698,0.34579247,12.33269409,0.877516029,0.640174968,0.967432881,0.862468924,9.118951622,10.20607888,9.467634341,0.005353952,0.005386132,0.005364279,0.005357316,0.0
186,44066,HS,regression,21613,17,Large,21613,17,0.000786564,367421,5,12,0.294117647,41,7.0,102.0,0.0,0,0.0,0.733469399,0.722635273,0.762206293,0.730777873,,0.341881132,0.060888725,0.178099109,1.097731299,0.258590967,0.235568547,14.05814278,0.998614295,0.109791921,3.762933834,1.07026526,7.462007757,13.69342191,11.16347705,0.025764711,0.025687731,0.024910908,0.025638236,8.2
187,44064,NP,regression,39644,59,Large,39644,59,0.001488245,2338996,16,43,0.271186441,58,21.0,239.0,0.0,0,0.0,0.733469399,0.722635273,0.762206293,0.730777873,,0.047070341,0.031555488,0.670390046,0.079518285,0.039913471,0.50194079,14.95287772,1.0,0.063680406,14.46232881,3.321417189,0.490548911,14.74133599,10.31540954,0.004580217,0.00419883,0.004638091,0.004154389,3.625
188,44069,GPU,regression,241600,9,Large,241600,9,3.72517e-05,2174400,6,3,0.666666667,12,,,0.0,0,0.0,0.733469399,0.722635273,0.762206293,0.730777873,,9.599276199,7.838126531,0.816533077,5.775708111,2.849462864,0.49335299,17.54058895,0.998875654,14.60865793,14.61455238,14.61172583,2.926036566,2.931931015,2.928863116,0.408240976,0.408241141,0.408239933,0.408240887,2.0
189,40922,RW,binclass,88588,6,Large,88588,6,6.77293e-05,531528,0,6,0.0,0,,,0.0,0,0.0,1.0,1.0,1.0,1.0,,0.955314029,0.084212702,0.088151853,1.81607296,0.231087903,0.127245936,10.34741423,0.642182494,0.37613907,0.854430514,0.633366139,7.5090575,9.097907287,8.243417458,0.034408257,0.034453489,0.034068377,0.034349561,0.0
190,40672,FS,multiclass,100968,29,Large,100968,29,0.00028722,2928072,19,10,0.655172414,154,23.0,6.0,0.0,0,0.0,0.728,0.724,0.728,0.728,8.0,0.221921253,0.12829585,0.578114302,0.343075501,0.238610997,0.695505788,10.94187291,0.671214522,0.043935371,1.354627386,0.495021096,7.688767679,10.872237,9.555324184,0.022751087,0.022471048,0.023111603,0.022750585,8.105263157894736
191,44161,RS,binclass,111762,32,Large,111762,32,0.000286323,3576384,16,16,0.5,164,21.0,319.0,0.0,0,0.0,0.426708801,0.426333383,0.471158684,0.426555128,,0.633023354,0.077139896,0.121859479,1.566723755,0.060637174,0.038703169,16.4457668,0.999856176,0.309239896,15.34537597,2.320709041,1.10039083,15.4184941,10.75550066,0.013545127,0.013198481,0.013590887,0.01350889,10.25
192,41169,HE,multiclass,65196,27,Large,65196,27,0.000414136,1760292,0,27,0.0,0,,,0.0,0,0.0,0.96059443,0.960466981,0.957058329,0.960695513,100.0,0.000356429,0.000119022,0.333930028,0.000702033,0.000154503,0.220078664,15.66928017,0.999919248,0.572564511,0.998953013,0.858657752,12.35083009,13.76726204,12.81688086,0.011962866,0.012154526,0.012122335,0.011993868,0.0
193,41150,MB,binclass,130064,50,Large,130064,50,0.000384426,6503200,0,50,0.0,0,,,0.0,0,0.0,0.96059443,0.960466981,0.957058329,0.960695513,,1.038749871,0.384811414,0.370456281,0.420317802,0.021976436,0.052285284,16.6358261,0.998133717,0.31755107,0.929352785,0.812998711,13.54858297,15.58094428,13.93510284,0.017953553,0.018167219,0.017760771,0.01778232,0.0
194,45068,AD,binclass,48842,14,Large,48842,14,0.000286639,683788,0,14,0.0,0,9.0,118.0,0.0,0,0.0,0.795,0.787,0.792,0.794,,0.227771115,0.007350618,0.03227195,0.661166463,0.177874405,0.269031197,9.904807912,0.649330206,0.117552043,0.959386218,0.52317554,6.717795879,9.514308477,8.142372975,0.008826594,0.008971336,0.008926124,0.008788794,0.0
195,43928,MC,regression,188806,12,Large,188806,12,6.35573e-05,2265672,2,10,0.166666667,32,,,0.0,0,0.0,6.49,6.978,7.97,6.705,,0.0882528,0.080361832,0.910586769,0.203836586,0.201943949,0.99071493,17.17890225,0.998505802,0.496840069,2.015649609,1.123419303,9.487709617,15.52843527,13.1927308,0.027589391,0.027599256,0.027634551,0.027593165,16.0
196,1503,SAD,multiclass,263256,14,Large,263256,14,5.31802e-05,3685584,1,13,0.071428571,2,,,0.0,0,0.0,1.0,1.0,1.0,1.0,10.0,0.021720206,0.000387106,0.017822382,0.059965285,0.006104749,0.101804726,17.58401228,0.99433612,0.881037132,0.967895803,0.938513942,14.36873202,14.65727028,14.46633645,0.020958179,0.021205266,0.021169976,0.02100339,2.0
197,44005,MH,regression,13932,13,Large,13932,13,0.000933104,181116,1,12,0.076923077,12,,,0.0,0,0.0,0.731,0.829,0.713,0.739,,0.147535029,0.114958458,0.779194332,0.241125895,0.20277841,0.840964882,13.12604469,0.976341734,0.702933369,0.983143977,0.91767979,9.860111091,10.79095058,10.07757842,0.028848348,0.028930945,0.029385767,0.028900638,12.0
198,44159,CO,binclass,423680,54,Large,423680,54,0.000127455,22878720,44,10,0.814814815,83,,,0.0,0,0.0,0.426708801,0.426333383,0.471158684,0.426555128,,0.63618946,0.011342124,0.017828218,1.829480795,0.347685244,0.190045856,17.56174869,0.955965789,0.822138434,0.985837479,0.926087706,14.28686747,14.83066393,14.48535192,0.02787008,0.027957217,0.027920937,0.027883034,1.8863636363636365
199,45545,TTC,binclass,954,6,Small,894,6,0.006711409,5364,6,0,1.0,26,,,0.01,0,0.063,0.801,0.871,0.675,0.798,,,,,,,,,,,,,,,,,,,0.0,4.333333333333333
200,42370,YH,regression,308,6,Small,308,6,0.019480519,1848,6,0,1.0,64,,,0.0,0,0.0,1.85,0.94,1.828,1.748,,,,,,,,,,,,,,,,,,,0.0,10.666666666666666
201,42665,RD,binclass,118,5,Small,118,5,0.042372881,590,2,3,0.4,5,3.0,2.0,0.0,0,0.0,1.0,1.0,0.918,0.998,,6.13598706,5.240460117,0.854053319,7.626984227,5.558884715,0.728844396,6.469482469,0.987015756,0.93052035,5.953213054,2.621644744,0.516269415,3.378360776,2.368211355,0.293075694,0.228476857,0.318730173,0.285981879,2.5
202,1113,KDC,multiclass,494020,41,Large,494020,41,8.29926e-05,20254820,16,25,0.390243902,88,18.0,133.0,0.0,0,0.0,0.908702093,0.986944498,0.891810754,0.918295834,23.0,0.572409278,0.55734648,0.973685266,0.360433769,0.344211715,0.95499297,9.121588745,0.490611579,0.01250926,inf,inf,4.460765941,9.080033881,7.798402415,0.015669644,0.015665018,0.015724447,0.015671163,5.5
203,44027,YR,regression,515345,90,Large,515345,90,0.00017464,46381050,0,90,0.0,0,,,0.0,0,0.0,0.733469399,0.722635273,0.762206293,0.730777873,,0.01113304,0.002519206,0.226281917,0.015650618,0.002962067,0.189261975,18.65236558,0.999952535,0.70257221,0.922979844,0.783942454,15.5862929,16.31847122,16.04816511,0.001711778,0.001708724,0.001711862,0.001710836,0.0
204,41960,SCR,multiclass,523590,7,Large,519975,7,1.34622e-05,3639825,2,5,0.285714286,22,3.0,52.0,0.002,0,0.007,0.96059443,0.960466981,0.957058329,0.960695513,142.0,0.000162448,6.33875e-06,0.039020278,0.000473128,9.54857e-05,0.201817824,14.82210053,0.794062881,0.878152177,2.417702716,1.313015894,9.20836867,11.90494214,10.74549185,0.036508584,0.036544597,0.037265626,0.036585552,11.0
205,150,CM,multiclass,581012,54,Large,581012,54,9.29413e-05,31374648,44,10,0.814814815,88,,,0.0,0,0.0,0.93555943,0.91455839,0.942563341,0.939453071,7.0,0.051295589,0.00076795,0.01497108,0.14854574,0.025476779,0.171507972,17.93004296,0.95239444,0.832200455,0.986543347,0.930944448,14.65281689,15.16553288,14.83751244,0.029026463,0.029071704,0.028977254,0.029025418,2.0
206,44065,NYC,regression,581835,16,Large,581835,16,2.74992e-05,9309360,8,8,0.5,32,12.0,142.0,0.0,0,0.0,0.733469399,0.722635273,0.762206293,0.730777873,,0.030048038,0.02854273,0.949903282,0.02404367,0.022190566,0.922927562,18.80583525,0.998805671,0.178726563,8.432312822,2.801551486,10.37352243,18.62710869,14.06276786,0.036085302,0.036178657,0.03631418,0.036113824,4.0
207,44129,HIL,binclass,940160,24,Large,940160,24,2.55276e-05,22563840,0,24,0.0,0,,,0.0,0,0.0,0.426708801,0.426333383,0.471158684,0.426555128,,0.572055808,0.000793499,0.001387101,1.289973455,0.012777042,0.009904888,19.51673802,0.999801202,0.398346878,0.999886673,0.875890358,16.19518639,18.19345833,16.60709323,0.006917329,0.006906919,0.006909883,0.006915193,0.0
208,1567,PK,multiclass,1025009,10,Large,1025009,10,9.75601e-06,10250090,10,0,1.0,85,,,0.0,0,0.0,0.339814667,0.355362634,0.323682616,0.339790425,10.0,,,,,,,,,,,,,,,,,,0.0,8.5
209,1169,AIR,binclass,539383,7,Large,539383,7,1.29778e-05,3775681,2,5,0.285714286,25,,,0.0,0,0.0,0.908702093,0.986944498,0.891810754,0.918295834,,0.610691925,0.011938494,0.019549126,1.728744536,0.225812393,0.130622188,15.11510499,0.807473047,0.951472443,2.956738205,1.707513423,2.785728429,11.95438195,9.216804588,,,,,12.5
